ISO-10303-21;
HEADER;
/* Generated by software containing ST-Developer
 * from STEP Tools, Inc. (www.steptools.com) 
 */

FILE_DESCRIPTION(
/* description */ (''),
/* implementation_level */ '2;1');

FILE_NAME(
/* name */ 'Venturi Left Half Case.step',
/* time_stamp */ '2026-08-18T15:05:20-04:00',
/* author */ (''),
/* organization */ (''),
/* preprocessor_version */ 'ST-DEVELOPER v20.1',
/* originating_system */ 'Autodesk Translation Framework v15.8.0.0',
/* authorisation */ '');

FILE_SCHEMA (('AUTOMOTIVE_DESIGN { 1 0 10303 214 3 1 1 }'));
ENDSEC;

DATA;
#10=MECHANICAL_DESIGN_GEOMETRIC_PRESENTATION_REPRESENTATION('',(#13),#4025);
#11=SHAPE_REPRESENTATION_RELATIONSHIP('SRR','None',#4032,#12);
#12=ADVANCED_BREP_SHAPE_REPRESENTATION('',(#14),#4024);
#13=STYLED_ITEM('',(#4043),#14);
#14=MANIFOLD_SOLID_BREP('Body2',#2321);
#15=CONICAL_SURFACE('',#2486,5.64998574580304,0.785398163397452);
#16=CONICAL_SURFACE('',#2490,5.64999983945812,0.78539816339746);
#17=CONICAL_SURFACE('',#2494,5.64999657542548,0.785398163397448);
#18=CONICAL_SURFACE('',#2500,5.64944534083854,0.785398163397448);
#19=CONICAL_SURFACE('',#2504,5.64940192475527,0.785398163397445);
#20=CONICAL_SURFACE('',#2508,5.65021929294257,0.785398163397451);
#21=CONICAL_SURFACE('',#2511,5.65000144944027,0.78539816339745);
#22=CONICAL_SURFACE('',#2514,5.64999659855377,0.785398163397447);
#23=CONICAL_SURFACE('',#2517,5.65012924034477,0.785398163397447);
#24=CONICAL_SURFACE('',#2520,5.65051331080252,0.785398163397448);
#25=TOROIDAL_SURFACE('',#2374,5.40021929294257,0.5);
#26=TOROIDAL_SURFACE('',#2400,5.39940192475527,0.5);
#27=TOROIDAL_SURFACE('',#2406,5.39944534083854,0.5);
#28=TOROIDAL_SURFACE('',#2418,5.39999657542548,0.5);
#29=TOROIDAL_SURFACE('',#2424,5.39999983945813,0.5);
#30=TOROIDAL_SURFACE('',#2430,5.39998574580304,0.5);
#31=TOROIDAL_SURFACE('',#2435,5.40051331080252,0.5);
#32=TOROIDAL_SURFACE('',#2441,5.40012924034477,0.5);
#33=TOROIDAL_SURFACE('',#2447,5.39999659855377,0.5);
#34=TOROIDAL_SURFACE('',#2453,5.40000144944027,0.5);
#35=ELLIPSE('',#2365,2.065064113307,2.);
#36=ELLIPSE('',#2366,2.06506411330701,2.);
#37=ELLIPSE('',#2369,2.06506411330699,2.);
#38=ELLIPSE('',#2370,2.06506411330701,2.);
#39=ELLIPSE('',#2372,0.516266028326752,0.5);
#40=ELLIPSE('',#2399,0.503003465413285,0.5);
#41=ELLIPSE('',#2412,0.503774501055871,0.5);
#42=ELLIPSE('',#2414,0.512416583258838,0.5);
#43=B_SPLINE_CURVE_WITH_KNOTS('',3,(#3395,#3396,#3397,#3398,#3399,#3400,
#3401,#3402),.UNSPECIFIED.,.F.,.F.,(4,2,2,4),(0.503412574040132,0.512801333236732,
0.58850283978925,0.664204346341769),.UNSPECIFIED.);
#44=B_SPLINE_CURVE_WITH_KNOTS('',3,(#3434,#3435,#3436,#3437,#3438,#3439,
#3440,#3441,#3442,#3443),.UNSPECIFIED.,.F.,.F.,(4,2,2,2,4),(-0.0744472254495302,
-0.0556603044471605,-0.0369948705011403,-0.0184516334313574,0.),
 .UNSPECIFIED.);
#45=B_SPLINE_CURVE_WITH_KNOTS('',3,(#3540,#3541,#3542,#3543,#3544,#3545,
#3546,#3547,#3548,#3549,#3550,#3551,#3552,#3553,#3554,#3555,#3556,#3557,
#3558,#3559,#3560,#3561,#3562,#3563,#3564,#3565,#3566,#3567,#3568,#3569,
#3570),.UNSPECIFIED.,.F.,.F.,(4,3,3,3,3,3,3,3,3,3,4),(0.,0.158188289908981,
0.316369287702304,0.474616737226243,0.632841180425414,0.791045723360542,
0.949233467933441,1.10747917469235,1.26568241502822,1.42392467342387,1.57081716052266),
 .UNSPECIFIED.);
#46=FACE_BOUND('',#266,.T.);
#47=FACE_BOUND('',#324,.T.);
#48=FACE_BOUND('',#379,.T.);
#49=FACE_BOUND('',#395,.T.);
#50=FACE_BOUND('',#398,.T.);
#51=FACE_BOUND('',#401,.T.);
#52=FACE_BOUND('',#404,.T.);
#53=FACE_BOUND('',#407,.T.);
#54=FACE_BOUND('',#408,.T.);
#55=FACE_BOUND('',#409,.T.);
#56=FACE_BOUND('',#410,.T.);
#57=FACE_BOUND('',#411,.T.);
#58=FACE_BOUND('',#412,.T.);
#59=PLANE('',#2341);
#60=PLANE('',#2342);
#61=PLANE('',#2343);
#62=PLANE('',#2344);
#63=PLANE('',#2345);
#64=PLANE('',#2346);
#65=PLANE('',#2347);
#66=PLANE('',#2351);
#67=PLANE('',#2355);
#68=PLANE('',#2359);
#69=PLANE('',#2363);
#70=PLANE('',#2367);
#71=PLANE('',#2371);
#72=PLANE('',#2373);
#73=PLANE('',#2380);
#74=PLANE('',#2384);
#75=PLANE('',#2388);
#76=PLANE('',#2392);
#77=PLANE('',#2396);
#78=PLANE('',#2459);
#79=PLANE('',#2460);
#80=PLANE('',#2463);
#81=PLANE('',#2466);
#82=PLANE('',#2469);
#83=PLANE('',#2472);
#84=PLANE('',#2473);
#85=PLANE('',#2484);
#86=PLANE('',#2485);
#87=PLANE('',#2489);
#88=PLANE('',#2493);
#89=PLANE('',#2497);
#90=PLANE('',#2498);
#91=PLANE('',#2499);
#92=PLANE('',#2503);
#93=PLANE('',#2507);
#94=PLANE('',#2510);
#95=PLANE('',#2513);
#96=PLANE('',#2516);
#97=PLANE('',#2519);
#98=PLANE('',#2522);
#99=PLANE('',#2524);
#100=PLANE('',#2526);
#101=PLANE('',#2527);
#102=PLANE('',#2529);
#103=PLANE('',#2531);
#104=PLANE('',#2533);
#105=PLANE('',#2534);
#106=PLANE('',#2535);
#107=PLANE('',#2538);
#108=PLANE('',#2539);
#109=PLANE('',#2540);
#110=PLANE('',#2543);
#111=PLANE('',#2546);
#112=PLANE('',#2549);
#113=PLANE('',#2552);
#114=PLANE('',#2555);
#115=PLANE('',#2556);
#116=PLANE('',#2559);
#117=PLANE('',#2562);
#118=PLANE('',#2563);
#119=PLANE('',#2566);
#120=PLANE('',#2572);
#121=PLANE('',#2576);
#122=PLANE('',#2580);
#123=PLANE('',#2584);
#124=PLANE('',#2585);
#125=PLANE('',#2586);
#126=FACE_OUTER_BOUND('',#263,.T.);
#127=FACE_OUTER_BOUND('',#264,.T.);
#128=FACE_OUTER_BOUND('',#265,.T.);
#129=FACE_OUTER_BOUND('',#267,.T.);
#130=FACE_OUTER_BOUND('',#268,.T.);
#131=FACE_OUTER_BOUND('',#269,.T.);
#132=FACE_OUTER_BOUND('',#270,.T.);
#133=FACE_OUTER_BOUND('',#271,.T.);
#134=FACE_OUTER_BOUND('',#272,.T.);
#135=FACE_OUTER_BOUND('',#273,.T.);
#136=FACE_OUTER_BOUND('',#274,.T.);
#137=FACE_OUTER_BOUND('',#275,.T.);
#138=FACE_OUTER_BOUND('',#276,.T.);
#139=FACE_OUTER_BOUND('',#277,.T.);
#140=FACE_OUTER_BOUND('',#278,.T.);
#141=FACE_OUTER_BOUND('',#279,.T.);
#142=FACE_OUTER_BOUND('',#280,.T.);
#143=FACE_OUTER_BOUND('',#281,.T.);
#144=FACE_OUTER_BOUND('',#282,.T.);
#145=FACE_OUTER_BOUND('',#283,.T.);
#146=FACE_OUTER_BOUND('',#284,.T.);
#147=FACE_OUTER_BOUND('',#285,.T.);
#148=FACE_OUTER_BOUND('',#286,.T.);
#149=FACE_OUTER_BOUND('',#287,.T.);
#150=FACE_OUTER_BOUND('',#288,.T.);
#151=FACE_OUTER_BOUND('',#289,.T.);
#152=FACE_OUTER_BOUND('',#290,.T.);
#153=FACE_OUTER_BOUND('',#291,.T.);
#154=FACE_OUTER_BOUND('',#292,.T.);
#155=FACE_OUTER_BOUND('',#293,.T.);
#156=FACE_OUTER_BOUND('',#294,.T.);
#157=FACE_OUTER_BOUND('',#295,.T.);
#158=FACE_OUTER_BOUND('',#296,.T.);
#159=FACE_OUTER_BOUND('',#297,.T.);
#160=FACE_OUTER_BOUND('',#298,.T.);
#161=FACE_OUTER_BOUND('',#299,.T.);
#162=FACE_OUTER_BOUND('',#300,.T.);
#163=FACE_OUTER_BOUND('',#301,.T.);
#164=FACE_OUTER_BOUND('',#302,.T.);
#165=FACE_OUTER_BOUND('',#303,.T.);
#166=FACE_OUTER_BOUND('',#304,.T.);
#167=FACE_OUTER_BOUND('',#305,.T.);
#168=FACE_OUTER_BOUND('',#306,.T.);
#169=FACE_OUTER_BOUND('',#307,.T.);
#170=FACE_OUTER_BOUND('',#308,.T.);
#171=FACE_OUTER_BOUND('',#309,.T.);
#172=FACE_OUTER_BOUND('',#310,.T.);
#173=FACE_OUTER_BOUND('',#311,.T.);
#174=FACE_OUTER_BOUND('',#312,.T.);
#175=FACE_OUTER_BOUND('',#313,.T.);
#176=FACE_OUTER_BOUND('',#314,.T.);
#177=FACE_OUTER_BOUND('',#315,.T.);
#178=FACE_OUTER_BOUND('',#316,.T.);
#179=FACE_OUTER_BOUND('',#317,.T.);
#180=FACE_OUTER_BOUND('',#318,.T.);
#181=FACE_OUTER_BOUND('',#319,.T.);
#182=FACE_OUTER_BOUND('',#320,.T.);
#183=FACE_OUTER_BOUND('',#321,.T.);
#184=FACE_OUTER_BOUND('',#322,.T.);
#185=FACE_OUTER_BOUND('',#323,.T.);
#186=FACE_OUTER_BOUND('',#325,.T.);
#187=FACE_OUTER_BOUND('',#326,.T.);
#188=FACE_OUTER_BOUND('',#327,.T.);
#189=FACE_OUTER_BOUND('',#328,.T.);
#190=FACE_OUTER_BOUND('',#329,.T.);
#191=FACE_OUTER_BOUND('',#330,.T.);
#192=FACE_OUTER_BOUND('',#331,.T.);
#193=FACE_OUTER_BOUND('',#332,.T.);
#194=FACE_OUTER_BOUND('',#333,.T.);
#195=FACE_OUTER_BOUND('',#334,.T.);
#196=FACE_OUTER_BOUND('',#335,.T.);
#197=FACE_OUTER_BOUND('',#336,.T.);
#198=FACE_OUTER_BOUND('',#337,.T.);
#199=FACE_OUTER_BOUND('',#338,.T.);
#200=FACE_OUTER_BOUND('',#339,.T.);
#201=FACE_OUTER_BOUND('',#340,.T.);
#202=FACE_OUTER_BOUND('',#341,.T.);
#203=FACE_OUTER_BOUND('',#342,.T.);
#204=FACE_OUTER_BOUND('',#343,.T.);
#205=FACE_OUTER_BOUND('',#344,.T.);
#206=FACE_OUTER_BOUND('',#345,.T.);
#207=FACE_OUTER_BOUND('',#346,.T.);
#208=FACE_OUTER_BOUND('',#347,.T.);
#209=FACE_OUTER_BOUND('',#348,.T.);
#210=FACE_OUTER_BOUND('',#349,.T.);
#211=FACE_OUTER_BOUND('',#350,.T.);
#212=FACE_OUTER_BOUND('',#351,.T.);
#213=FACE_OUTER_BOUND('',#352,.T.);
#214=FACE_OUTER_BOUND('',#353,.T.);
#215=FACE_OUTER_BOUND('',#354,.T.);
#216=FACE_OUTER_BOUND('',#355,.T.);
#217=FACE_OUTER_BOUND('',#356,.T.);
#218=FACE_OUTER_BOUND('',#357,.T.);
#219=FACE_OUTER_BOUND('',#358,.T.);
#220=FACE_OUTER_BOUND('',#359,.T.);
#221=FACE_OUTER_BOUND('',#360,.T.);
#222=FACE_OUTER_BOUND('',#361,.T.);
#223=FACE_OUTER_BOUND('',#362,.T.);
#224=FACE_OUTER_BOUND('',#363,.T.);
#225=FACE_OUTER_BOUND('',#364,.T.);
#226=FACE_OUTER_BOUND('',#365,.T.);
#227=FACE_OUTER_BOUND('',#366,.T.);
#228=FACE_OUTER_BOUND('',#367,.T.);
#229=FACE_OUTER_BOUND('',#368,.T.);
#230=FACE_OUTER_BOUND('',#369,.T.);
#231=FACE_OUTER_BOUND('',#370,.T.);
#232=FACE_OUTER_BOUND('',#371,.T.);
#233=FACE_OUTER_BOUND('',#372,.T.);
#234=FACE_OUTER_BOUND('',#373,.T.);
#235=FACE_OUTER_BOUND('',#374,.T.);
#236=FACE_OUTER_BOUND('',#375,.T.);
#237=FACE_OUTER_BOUND('',#376,.T.);
#238=FACE_OUTER_BOUND('',#377,.T.);
#239=FACE_OUTER_BOUND('',#378,.T.);
#240=FACE_OUTER_BOUND('',#380,.T.);
#241=FACE_OUTER_BOUND('',#381,.T.);
#242=FACE_OUTER_BOUND('',#382,.T.);
#243=FACE_OUTER_BOUND('',#383,.T.);
#244=FACE_OUTER_BOUND('',#384,.T.);
#245=FACE_OUTER_BOUND('',#385,.T.);
#246=FACE_OUTER_BOUND('',#386,.T.);
#247=FACE_OUTER_BOUND('',#387,.T.);
#248=FACE_OUTER_BOUND('',#388,.T.);
#249=FACE_OUTER_BOUND('',#389,.T.);
#250=FACE_OUTER_BOUND('',#390,.T.);
#251=FACE_OUTER_BOUND('',#391,.T.);
#252=FACE_OUTER_BOUND('',#392,.T.);
#253=FACE_OUTER_BOUND('',#393,.T.);
#254=FACE_OUTER_BOUND('',#394,.T.);
#255=FACE_OUTER_BOUND('',#396,.T.);
#256=FACE_OUTER_BOUND('',#397,.T.);
#257=FACE_OUTER_BOUND('',#399,.T.);
#258=FACE_OUTER_BOUND('',#400,.T.);
#259=FACE_OUTER_BOUND('',#402,.T.);
#260=FACE_OUTER_BOUND('',#403,.T.);
#261=FACE_OUTER_BOUND('',#405,.T.);
#262=FACE_OUTER_BOUND('',#406,.T.);
#263=EDGE_LOOP('',(#1476,#1477,#1478,#1479));
#264=EDGE_LOOP('',(#1480,#1481,#1482,#1483));
#265=EDGE_LOOP('',(#1484));
#266=EDGE_LOOP('',(#1485));
#267=EDGE_LOOP('',(#1486,#1487,#1488,#1489));
#268=EDGE_LOOP('',(#1490,#1491,#1492,#1493));
#269=EDGE_LOOP('',(#1494,#1495,#1496,#1497));
#270=EDGE_LOOP('',(#1498,#1499,#1500,#1501));
#271=EDGE_LOOP('',(#1502,#1503,#1504,#1505));
#272=EDGE_LOOP('',(#1506));
#273=EDGE_LOOP('',(#1507,#1508,#1509,#1510));
#274=EDGE_LOOP('',(#1511,#1512,#1513,#1514));
#275=EDGE_LOOP('',(#1515,#1516,#1517,#1518));
#276=EDGE_LOOP('',(#1519,#1520,#1521,#1522));
#277=EDGE_LOOP('',(#1523,#1524,#1525,#1526));
#278=EDGE_LOOP('',(#1527,#1528,#1529,#1530));
#279=EDGE_LOOP('',(#1531,#1532,#1533,#1534));
#280=EDGE_LOOP('',(#1535,#1536,#1537,#1538));
#281=EDGE_LOOP('',(#1539,#1540,#1541,#1542,#1543));
#282=EDGE_LOOP('',(#1544,#1545,#1546,#1547));
#283=EDGE_LOOP('',(#1548,#1549,#1550,#1551));
#284=EDGE_LOOP('',(#1552,#1553,#1554,#1555,#1556));
#285=EDGE_LOOP('',(#1557,#1558,#1559,#1560,#1561));
#286=EDGE_LOOP('',(#1562,#1563,#1564,#1565));
#287=EDGE_LOOP('',(#1566,#1567,#1568,#1569,#1570,#1571,#1572));
#288=EDGE_LOOP('',(#1573,#1574,#1575,#1576,#1577,#1578,#1579,#1580,#1581));
#289=EDGE_LOOP('',(#1582,#1583,#1584,#1585));
#290=EDGE_LOOP('',(#1586));
#291=EDGE_LOOP('',(#1587,#1588,#1589,#1590));
#292=EDGE_LOOP('',(#1591));
#293=EDGE_LOOP('',(#1592,#1593,#1594,#1595));
#294=EDGE_LOOP('',(#1596));
#295=EDGE_LOOP('',(#1597,#1598,#1599,#1600));
#296=EDGE_LOOP('',(#1601));
#297=EDGE_LOOP('',(#1602,#1603,#1604,#1605));
#298=EDGE_LOOP('',(#1606,#1607,#1608,#1609));
#299=EDGE_LOOP('',(#1610,#1611,#1612,#1613));
#300=EDGE_LOOP('',(#1614,#1615,#1616,#1617));
#301=EDGE_LOOP('',(#1618,#1619,#1620,#1621));
#302=EDGE_LOOP('',(#1622,#1623,#1624,#1625));
#303=EDGE_LOOP('',(#1626,#1627,#1628,#1629));
#304=EDGE_LOOP('',(#1630,#1631,#1632,#1633));
#305=EDGE_LOOP('',(#1634,#1635,#1636,#1637));
#306=EDGE_LOOP('',(#1638,#1639,#1640,#1641));
#307=EDGE_LOOP('',(#1642,#1643,#1644,#1645));
#308=EDGE_LOOP('',(#1646,#1647,#1648,#1649));
#309=EDGE_LOOP('',(#1650,#1651,#1652,#1653));
#310=EDGE_LOOP('',(#1654,#1655,#1656,#1657));
#311=EDGE_LOOP('',(#1658,#1659,#1660,#1661));
#312=EDGE_LOOP('',(#1662,#1663,#1664,#1665));
#313=EDGE_LOOP('',(#1666,#1667,#1668,#1669));
#314=EDGE_LOOP('',(#1670,#1671,#1672,#1673));
#315=EDGE_LOOP('',(#1674,#1675,#1676,#1677));
#316=EDGE_LOOP('',(#1678,#1679,#1680,#1681));
#317=EDGE_LOOP('',(#1682,#1683,#1684,#1685));
#318=EDGE_LOOP('',(#1686,#1687,#1688,#1689));
#319=EDGE_LOOP('',(#1690,#1691,#1692,#1693));
#320=EDGE_LOOP('',(#1694,#1695,#1696,#1697));
#321=EDGE_LOOP('',(#1698,#1699,#1700,#1701));
#322=EDGE_LOOP('',(#1702,#1703,#1704,#1705));
#323=EDGE_LOOP('',(#1706,#1707,#1708,#1709));
#324=EDGE_LOOP('',(#1710,#1711,#1712,#1713,#1714,#1715,#1716,#1717));
#325=EDGE_LOOP('',(#1718,#1719,#1720,#1721,#1722));
#326=EDGE_LOOP('',(#1723,#1724,#1725,#1726,#1727));
#327=EDGE_LOOP('',(#1728,#1729,#1730,#1731));
#328=EDGE_LOOP('',(#1732,#1733,#1734,#1735));
#329=EDGE_LOOP('',(#1736,#1737,#1738,#1739));
#330=EDGE_LOOP('',(#1740,#1741,#1742,#1743));
#331=EDGE_LOOP('',(#1744,#1745,#1746,#1747,#1748,#1749,#1750,#1751,#1752,
#1753,#1754,#1755,#1756,#1757,#1758,#1759,#1760,#1761,#1762,#1763,#1764,
#1765,#1766,#1767,#1768,#1769,#1770,#1771,#1772,#1773,#1774,#1775,#1776,
#1777,#1778,#1779,#1780,#1781,#1782,#1783,#1784,#1785,#1786,#1787,#1788,
#1789,#1790,#1791,#1792,#1793,#1794));
#332=EDGE_LOOP('',(#1795,#1796,#1797,#1798));
#333=EDGE_LOOP('',(#1799,#1800,#1801,#1802));
#334=EDGE_LOOP('',(#1803,#1804,#1805,#1806));
#335=EDGE_LOOP('',(#1807,#1808,#1809,#1810));
#336=EDGE_LOOP('',(#1811,#1812,#1813,#1814));
#337=EDGE_LOOP('',(#1815,#1816,#1817,#1818));
#338=EDGE_LOOP('',(#1819,#1820,#1821,#1822));
#339=EDGE_LOOP('',(#1823,#1824,#1825,#1826));
#340=EDGE_LOOP('',(#1827,#1828,#1829,#1830));
#341=EDGE_LOOP('',(#1831,#1832,#1833,#1834));
#342=EDGE_LOOP('',(#1835,#1836,#1837,#1838));
#343=EDGE_LOOP('',(#1839,#1840,#1841,#1842));
#344=EDGE_LOOP('',(#1843,#1844,#1845,#1846));
#345=EDGE_LOOP('',(#1847,#1848,#1849,#1850));
#346=EDGE_LOOP('',(#1851,#1852,#1853,#1854));
#347=EDGE_LOOP('',(#1855,#1856,#1857,#1858));
#348=EDGE_LOOP('',(#1859,#1860,#1861,#1862));
#349=EDGE_LOOP('',(#1863,#1864,#1865,#1866));
#350=EDGE_LOOP('',(#1867,#1868,#1869,#1870));
#351=EDGE_LOOP('',(#1871,#1872,#1873,#1874));
#352=EDGE_LOOP('',(#1875,#1876,#1877,#1878));
#353=EDGE_LOOP('',(#1879,#1880,#1881,#1882));
#354=EDGE_LOOP('',(#1883,#1884,#1885,#1886));
#355=EDGE_LOOP('',(#1887,#1888,#1889,#1890));
#356=EDGE_LOOP('',(#1891,#1892,#1893,#1894));
#357=EDGE_LOOP('',(#1895,#1896,#1897,#1898));
#358=EDGE_LOOP('',(#1899,#1900,#1901,#1902));
#359=EDGE_LOOP('',(#1903,#1904,#1905,#1906));
#360=EDGE_LOOP('',(#1907,#1908,#1909,#1910));
#361=EDGE_LOOP('',(#1911,#1912,#1913,#1914,#1915));
#362=EDGE_LOOP('',(#1916,#1917,#1918,#1919,#1920));
#363=EDGE_LOOP('',(#1921,#1922,#1923,#1924,#1925));
#364=EDGE_LOOP('',(#1926,#1927,#1928,#1929,#1930));
#365=EDGE_LOOP('',(#1931,#1932,#1933,#1934));
#366=EDGE_LOOP('',(#1935,#1936,#1937,#1938));
#367=EDGE_LOOP('',(#1939,#1940,#1941,#1942,#1943,#1944,#1945,#1946,#1947,
#1948,#1949,#1950,#1951,#1952,#1953,#1954,#1955,#1956,#1957,#1958,#1959,
#1960,#1961,#1962));
#368=EDGE_LOOP('',(#1963,#1964,#1965,#1966));
#369=EDGE_LOOP('',(#1967,#1968,#1969,#1970));
#370=EDGE_LOOP('',(#1971,#1972,#1973,#1974));
#371=EDGE_LOOP('',(#1975,#1976,#1977,#1978));
#372=EDGE_LOOP('',(#1979,#1980,#1981,#1982));
#373=EDGE_LOOP('',(#1983,#1984,#1985,#1986));
#374=EDGE_LOOP('',(#1987,#1988,#1989,#1990));
#375=EDGE_LOOP('',(#1991,#1992,#1993,#1994));
#376=EDGE_LOOP('',(#1995,#1996,#1997,#1998));
#377=EDGE_LOOP('',(#1999,#2000,#2001,#2002));
#378=EDGE_LOOP('',(#2003,#2004,#2005,#2006));
#379=EDGE_LOOP('',(#2007,#2008,#2009,#2010,#2011,#2012,#2013,#2014));
#380=EDGE_LOOP('',(#2015,#2016,#2017,#2018));
#381=EDGE_LOOP('',(#2019,#2020,#2021,#2022,#2023,#2024,#2025,#2026,#2027,
#2028));
#382=EDGE_LOOP('',(#2029,#2030,#2031,#2032));
#383=EDGE_LOOP('',(#2033,#2034,#2035,#2036));
#384=EDGE_LOOP('',(#2037,#2038,#2039,#2040));
#385=EDGE_LOOP('',(#2041,#2042,#2043,#2044));
#386=EDGE_LOOP('',(#2045,#2046,#2047,#2048));
#387=EDGE_LOOP('',(#2049,#2050,#2051,#2052));
#388=EDGE_LOOP('',(#2053,#2054,#2055,#2056));
#389=EDGE_LOOP('',(#2057,#2058,#2059,#2060));
#390=EDGE_LOOP('',(#2061,#2062,#2063,#2064));
#391=EDGE_LOOP('',(#2065,#2066,#2067,#2068));
#392=EDGE_LOOP('',(#2069,#2070,#2071,#2072));
#393=EDGE_LOOP('',(#2073,#2074,#2075,#2076));
#394=EDGE_LOOP('',(#2077));
#395=EDGE_LOOP('',(#2078));
#396=EDGE_LOOP('',(#2079,#2080,#2081,#2082));
#397=EDGE_LOOP('',(#2083));
#398=EDGE_LOOP('',(#2084));
#399=EDGE_LOOP('',(#2085,#2086,#2087,#2088));
#400=EDGE_LOOP('',(#2089));
#401=EDGE_LOOP('',(#2090));
#402=EDGE_LOOP('',(#2091,#2092,#2093,#2094));
#403=EDGE_LOOP('',(#2095));
#404=EDGE_LOOP('',(#2096));
#405=EDGE_LOOP('',(#2097,#2098,#2099,#2100));
#406=EDGE_LOOP('',(#2101,#2102,#2103,#2104,#2105,#2106,#2107,#2108,#2109,
#2110,#2111,#2112,#2113,#2114,#2115,#2116,#2117,#2118,#2119,#2120,#2121,
#2122,#2123,#2124));
#407=EDGE_LOOP('',(#2125));
#408=EDGE_LOOP('',(#2126));
#409=EDGE_LOOP('',(#2127));
#410=EDGE_LOOP('',(#2128));
#411=EDGE_LOOP('',(#2129,#2130,#2131,#2132));
#412=EDGE_LOOP('',(#2133));
#413=LINE('',#3309,#624);
#414=LINE('',#3315,#625);
#415=LINE('',#3321,#626);
#416=LINE('',#3323,#627);
#417=LINE('',#3325,#628);
#418=LINE('',#3326,#629);
#419=LINE('',#3329,#630);
#420=LINE('',#3331,#631);
#421=LINE('',#3332,#632);
#422=LINE('',#3335,#633);
#423=LINE('',#3337,#634);
#424=LINE('',#3338,#635);
#425=LINE('',#3340,#636);
#426=LINE('',#3341,#637);
#427=LINE('',#3349,#638);
#428=LINE('',#3352,#639);
#429=LINE('',#3355,#640);
#430=LINE('',#3357,#641);
#431=LINE('',#3358,#642);
#432=LINE('',#3364,#643);
#433=LINE('',#3367,#644);
#434=LINE('',#3369,#645);
#435=LINE('',#3370,#646);
#436=LINE('',#3375,#647);
#437=LINE('',#3379,#648);
#438=LINE('',#3381,#649);
#439=LINE('',#3382,#650);
#440=LINE('',#3387,#651);
#441=LINE('',#3390,#652);
#442=LINE('',#3391,#653);
#443=LINE('',#3404,#654);
#444=LINE('',#3408,#655);
#445=LINE('',#3412,#656);
#446=LINE('',#3414,#657);
#447=LINE('',#3415,#658);
#448=LINE('',#3420,#659);
#449=LINE('',#3424,#660);
#450=LINE('',#3426,#661);
#451=LINE('',#3429,#662);
#452=LINE('',#3432,#663);
#453=LINE('',#3445,#664);
#454=LINE('',#3446,#665);
#455=LINE('',#3455,#666);
#456=LINE('',#3457,#667);
#457=LINE('',#3460,#668);
#458=LINE('',#3463,#669);
#459=LINE('',#3465,#670);
#460=LINE('',#3466,#671);
#461=LINE('',#3471,#672);
#462=LINE('',#3478,#673);
#463=LINE('',#3485,#674);
#464=LINE('',#3492,#675);
#465=LINE('',#3498,#676);
#466=LINE('',#3502,#677);
#467=LINE('',#3514,#678);
#468=LINE('',#3515,#679);
#469=LINE('',#3525,#680);
#470=LINE('',#3529,#681);
#471=LINE('',#3533,#682);
#472=LINE('',#3536,#683);
#473=LINE('',#3571,#684);
#474=LINE('',#3572,#685);
#475=LINE('',#3575,#686);
#476=LINE('',#3578,#687);
#477=LINE('',#3587,#688);
#478=LINE('',#3590,#689);
#479=LINE('',#3599,#690);
#480=LINE('',#3602,#691);
#481=LINE('',#3610,#692);
#482=LINE('',#3611,#693);
#483=LINE('',#3622,#694);
#484=LINE('',#3623,#695);
#485=LINE('',#3634,#696);
#486=LINE('',#3635,#697);
#487=LINE('',#3646,#698);
#488=LINE('',#3647,#699);
#489=LINE('',#3654,#700);
#490=LINE('',#3656,#701);
#491=LINE('',#3657,#702);
#492=LINE('',#3660,#703);
#493=LINE('',#3662,#704);
#494=LINE('',#3663,#705);
#495=LINE('',#3665,#706);
#496=LINE('',#3668,#707);
#497=LINE('',#3672,#708);
#498=LINE('',#3673,#709);
#499=LINE('',#3676,#710);
#500=LINE('',#3678,#711);
#501=LINE('',#3682,#712);
#502=LINE('',#3683,#713);
#503=LINE('',#3686,#714);
#504=LINE('',#3690,#715);
#505=LINE('',#3691,#716);
#506=LINE('',#3694,#717);
#507=LINE('',#3698,#718);
#508=LINE('',#3699,#719);
#509=LINE('',#3702,#720);
#510=LINE('',#3706,#721);
#511=LINE('',#3710,#722);
#512=LINE('',#3714,#723);
#513=LINE('',#3718,#724);
#514=LINE('',#3720,#725);
#515=LINE('',#3722,#726);
#516=LINE('',#3726,#727);
#517=LINE('',#3730,#728);
#518=LINE('',#3734,#729);
#519=LINE('',#3736,#730);
#520=LINE('',#3740,#731);
#521=LINE('',#3744,#732);
#522=LINE('',#3746,#733);
#523=LINE('',#3749,#734);
#524=LINE('',#3752,#735);
#525=LINE('',#3754,#736);
#526=LINE('',#3755,#737);
#527=LINE('',#3759,#738);
#528=LINE('',#3761,#739);
#529=LINE('',#3763,#740);
#530=LINE('',#3764,#741);
#531=LINE('',#3768,#742);
#532=LINE('',#3774,#743);
#533=LINE('',#3775,#744);
#534=LINE('',#3776,#745);
#535=LINE('',#3780,#746);
#536=LINE('',#3786,#747);
#537=LINE('',#3787,#748);
#538=LINE('',#3788,#749);
#539=LINE('',#3792,#750);
#540=LINE('',#3798,#751);
#541=LINE('',#3799,#752);
#542=LINE('',#3800,#753);
#543=LINE('',#3802,#754);
#544=LINE('',#3804,#755);
#545=LINE('',#3805,#756);
#546=LINE('',#3808,#757);
#547=LINE('',#3810,#758);
#548=LINE('',#3811,#759);
#549=LINE('',#3815,#760);
#550=LINE('',#3821,#761);
#551=LINE('',#3822,#762);
#552=LINE('',#3823,#763);
#553=LINE('',#3826,#764);
#554=LINE('',#3830,#765);
#555=LINE('',#3833,#766);
#556=LINE('',#3837,#767);
#557=LINE('',#3838,#768);
#558=LINE('',#3841,#769);
#559=LINE('',#3845,#770);
#560=LINE('',#3846,#771);
#561=LINE('',#3849,#772);
#562=LINE('',#3853,#773);
#563=LINE('',#3854,#774);
#564=LINE('',#3857,#775);
#565=LINE('',#3861,#776);
#566=LINE('',#3862,#777);
#567=LINE('',#3865,#778);
#568=LINE('',#3868,#779);
#569=LINE('',#3870,#780);
#570=LINE('',#3872,#781);
#571=LINE('',#3874,#782);
#572=LINE('',#3876,#783);
#573=LINE('',#3878,#784);
#574=LINE('',#3881,#785);
#575=LINE('',#3882,#786);
#576=LINE('',#3884,#787);
#577=LINE('',#3887,#788);
#578=LINE('',#3888,#789);
#579=LINE('',#3890,#790);
#580=LINE('',#3892,#791);
#581=LINE('',#3894,#792);
#582=LINE('',#3899,#793);
#583=LINE('',#3900,#794);
#584=LINE('',#3901,#795);
#585=LINE('',#3905,#796);
#586=LINE('',#3908,#797);
#587=LINE('',#3909,#798);
#588=LINE('',#3912,#799);
#589=LINE('',#3913,#800);
#590=LINE('',#3916,#801);
#591=LINE('',#3917,#802);
#592=LINE('',#3921,#803);
#593=LINE('',#3924,#804);
#594=LINE('',#3925,#805);
#595=LINE('',#3929,#806);
#596=LINE('',#3932,#807);
#597=LINE('',#3933,#808);
#598=LINE('',#3937,#809);
#599=LINE('',#3940,#810);
#600=LINE('',#3941,#811);
#601=LINE('',#3945,#812);
#602=LINE('',#3948,#813);
#603=LINE('',#3949,#814);
#604=LINE('',#3953,#815);
#605=LINE('',#3956,#816);
#606=LINE('',#3957,#817);
#607=LINE('',#3960,#818);
#608=LINE('',#3961,#819);
#609=LINE('',#3965,#820);
#610=LINE('',#3968,#821);
#611=LINE('',#3969,#822);
#612=LINE('',#3973,#823);
#613=LINE('',#3976,#824);
#614=LINE('',#3977,#825);
#615=LINE('',#3980,#826);
#616=LINE('',#3981,#827);
#617=LINE('',#3985,#828);
#618=LINE('',#3988,#829);
#619=LINE('',#3989,#830);
#620=LINE('',#3996,#831);
#621=LINE('',#4003,#832);
#622=LINE('',#4010,#833);
#623=LINE('',#4017,#834);
#624=VECTOR('',#2593,22.9);
#625=VECTOR('',#2600,28.1);
#626=VECTOR('',#2607,10.);
#627=VECTOR('',#2608,10.);
#628=VECTOR('',#2609,10.);
#629=VECTOR('',#2610,10.);
#630=VECTOR('',#2613,10.);
#631=VECTOR('',#2614,10.);
#632=VECTOR('',#2615,10.);
#633=VECTOR('',#2618,10.);
#634=VECTOR('',#2619,10.);
#635=VECTOR('',#2620,10.);
#636=VECTOR('',#2623,10.);
#637=VECTOR('',#2624,10.);
#638=VECTOR('',#2633,10.);
#639=VECTOR('',#2636,10.);
#640=VECTOR('',#2639,10.);
#641=VECTOR('',#2640,10.);
#642=VECTOR('',#2641,10.);
#643=VECTOR('',#2646,10.);
#644=VECTOR('',#2649,10.);
#645=VECTOR('',#2652,10.);
#646=VECTOR('',#2653,10.);
#647=VECTOR('',#2658,10.);
#648=VECTOR('',#2663,10.);
#649=VECTOR('',#2664,10.);
#650=VECTOR('',#2665,10.);
#651=VECTOR('',#2670,10.);
#652=VECTOR('',#2675,10.);
#653=VECTOR('',#2676,10.);
#654=VECTOR('',#2679,10.);
#655=VECTOR('',#2682,10.);
#656=VECTOR('',#2687,10.);
#657=VECTOR('',#2688,10.);
#658=VECTOR('',#2689,10.);
#659=VECTOR('',#2694,10.);
#660=VECTOR('',#2699,10.);
#661=VECTOR('',#2700,10.);
#662=VECTOR('',#2703,10.);
#663=VECTOR('',#2706,10.);
#664=VECTOR('',#2707,10.);
#665=VECTOR('',#2708,10.);
#666=VECTOR('',#2719,10.);
#667=VECTOR('',#2720,10.);
#668=VECTOR('',#2723,10.);
#669=VECTOR('',#2726,10.);
#670=VECTOR('',#2727,10.);
#671=VECTOR('',#2728,10.);
#672=VECTOR('',#2733,2.);
#673=VECTOR('',#2742,2.);
#674=VECTOR('',#2751,2.);
#675=VECTOR('',#2760,2.);
#676=VECTOR('',#2767,10.);
#677=VECTOR('',#2770,10.);
#678=VECTOR('',#2785,10.);
#679=VECTOR('',#2786,10.);
#680=VECTOR('',#2797,10.);
#681=VECTOR('',#2800,10.);
#682=VECTOR('',#2805,10.);
#683=VECTOR('',#2808,10.);
#684=VECTOR('',#2811,10.);
#685=VECTOR('',#2812,10.);
#686=VECTOR('',#2815,10.);
#687=VECTOR('',#2818,10.);
#688=VECTOR('',#2829,10.);
#689=VECTOR('',#2832,10.);
#690=VECTOR('',#2843,10.);
#691=VECTOR('',#2846,10.);
#692=VECTOR('',#2857,10.);
#693=VECTOR('',#2858,10.);
#694=VECTOR('',#2871,10.);
#695=VECTOR('',#2872,10.);
#696=VECTOR('',#2885,10.);
#697=VECTOR('',#2886,10.);
#698=VECTOR('',#2899,10.);
#699=VECTOR('',#2900,10.);
#700=VECTOR('',#2911,10.);
#701=VECTOR('',#2914,10.);
#702=VECTOR('',#2915,10.);
#703=VECTOR('',#2918,10.);
#704=VECTOR('',#2919,10.);
#705=VECTOR('',#2920,10.);
#706=VECTOR('',#2923,10.);
#707=VECTOR('',#2926,10.);
#708=VECTOR('',#2931,10.);
#709=VECTOR('',#2932,10.);
#710=VECTOR('',#2935,10.);
#711=VECTOR('',#2936,10.);
#712=VECTOR('',#2941,10.);
#713=VECTOR('',#2942,10.);
#714=VECTOR('',#2945,10.);
#715=VECTOR('',#2950,10.);
#716=VECTOR('',#2951,10.);
#717=VECTOR('',#2954,10.);
#718=VECTOR('',#2959,10.);
#719=VECTOR('',#2960,10.);
#720=VECTOR('',#2963,10.);
#721=VECTOR('',#2966,10.);
#722=VECTOR('',#2969,10.);
#723=VECTOR('',#2972,10.);
#724=VECTOR('',#2975,10.);
#725=VECTOR('',#2976,10.);
#726=VECTOR('',#2977,10.);
#727=VECTOR('',#2980,10.);
#728=VECTOR('',#2983,10.);
#729=VECTOR('',#2986,10.);
#730=VECTOR('',#2987,10.);
#731=VECTOR('',#2990,10.);
#732=VECTOR('',#2993,10.);
#733=VECTOR('',#2994,10.);
#734=VECTOR('',#2997,10.);
#735=VECTOR('',#3000,10.);
#736=VECTOR('',#3001,10.);
#737=VECTOR('',#3002,10.);
#738=VECTOR('',#3005,10.);
#739=VECTOR('',#3006,10.);
#740=VECTOR('',#3007,10.);
#741=VECTOR('',#3008,10.);
#742=VECTOR('',#3011,10.);
#743=VECTOR('',#3018,10.);
#744=VECTOR('',#3019,10.);
#745=VECTOR('',#3020,10.);
#746=VECTOR('',#3023,10.);
#747=VECTOR('',#3030,10.);
#748=VECTOR('',#3031,10.);
#749=VECTOR('',#3032,10.);
#750=VECTOR('',#3035,10.);
#751=VECTOR('',#3042,10.);
#752=VECTOR('',#3043,10.);
#753=VECTOR('',#3044,10.);
#754=VECTOR('',#3047,10.);
#755=VECTOR('',#3048,10.);
#756=VECTOR('',#3049,10.);
#757=VECTOR('',#3052,10.);
#758=VECTOR('',#3053,10.);
#759=VECTOR('',#3054,10.);
#760=VECTOR('',#3057,10.);
#761=VECTOR('',#3064,10.);
#762=VECTOR('',#3065,10.);
#763=VECTOR('',#3066,10.);
#764=VECTOR('',#3069,10.);
#765=VECTOR('',#3076,10.);
#766=VECTOR('',#3079,10.);
#767=VECTOR('',#3084,10.);
#768=VECTOR('',#3085,10.);
#769=VECTOR('',#3088,10.);
#770=VECTOR('',#3093,10.);
#771=VECTOR('',#3094,10.);
#772=VECTOR('',#3097,10.);
#773=VECTOR('',#3102,10.);
#774=VECTOR('',#3103,10.);
#775=VECTOR('',#3106,10.);
#776=VECTOR('',#3111,10.);
#777=VECTOR('',#3112,10.);
#778=VECTOR('',#3115,10.);
#779=VECTOR('',#3120,10.);
#780=VECTOR('',#3123,10.);
#781=VECTOR('',#3126,10.);
#782=VECTOR('',#3129,10.);
#783=VECTOR('',#3132,10.);
#784=VECTOR('',#3135,10.);
#785=VECTOR('',#3138,10.);
#786=VECTOR('',#3139,10.);
#787=VECTOR('',#3142,10.);
#788=VECTOR('',#3145,10.);
#789=VECTOR('',#3146,10.);
#790=VECTOR('',#3149,10.);
#791=VECTOR('',#3152,10.);
#792=VECTOR('',#3155,10.);
#793=VECTOR('',#3160,10.);
#794=VECTOR('',#3161,10.);
#795=VECTOR('',#3162,10.);
#796=VECTOR('',#3167,10.);
#797=VECTOR('',#3170,10.);
#798=VECTOR('',#3171,10.);
#799=VECTOR('',#3174,10.);
#800=VECTOR('',#3175,10.);
#801=VECTOR('',#3178,10.);
#802=VECTOR('',#3179,10.);
#803=VECTOR('',#3184,10.);
#804=VECTOR('',#3187,10.);
#805=VECTOR('',#3188,10.);
#806=VECTOR('',#3193,10.);
#807=VECTOR('',#3196,10.);
#808=VECTOR('',#3197,10.);
#809=VECTOR('',#3202,10.);
#810=VECTOR('',#3205,10.);
#811=VECTOR('',#3206,10.);
#812=VECTOR('',#3211,10.);
#813=VECTOR('',#3214,10.);
#814=VECTOR('',#3215,10.);
#815=VECTOR('',#3220,10.);
#816=VECTOR('',#3223,10.);
#817=VECTOR('',#3224,10.);
#818=VECTOR('',#3227,10.);
#819=VECTOR('',#3228,10.);
#820=VECTOR('',#3233,10.);
#821=VECTOR('',#3236,10.);
#822=VECTOR('',#3237,10.);
#823=VECTOR('',#3242,10.);
#824=VECTOR('',#3245,10.);
#825=VECTOR('',#3246,10.);
#826=VECTOR('',#3249,10.);
#827=VECTOR('',#3250,10.);
#828=VECTOR('',#3255,10.);
#829=VECTOR('',#3258,10.);
#830=VECTOR('',#3259,10.);
#831=VECTOR('',#3268,3.6);
#832=VECTOR('',#3277,3.6);
#833=VECTOR('',#3286,3.6);
#834=VECTOR('',#3295,3.6);
#835=CIRCLE('',#2336,22.9);
#836=CIRCLE('',#2337,22.9);
#837=CIRCLE('',#2339,28.1);
#838=CIRCLE('',#2340,28.1);
#839=CIRCLE('',#2349,0.5);
#840=CIRCLE('',#2350,0.5);
#841=CIRCLE('',#2353,0.5);
#842=CIRCLE('',#2354,0.5);
#843=CIRCLE('',#2357,0.5);
#844=CIRCLE('',#2358,0.5);
#845=CIRCLE('',#2361,0.5);
#846=CIRCLE('',#2362,0.5);
#847=CIRCLE('',#2375,5.90021929294257);
#848=CIRCLE('',#2376,0.499999999994043);
#849=CIRCLE('',#2377,5.40021929294257);
#850=CIRCLE('',#2379,5.90021929294257);
#851=CIRCLE('',#2382,2.);
#852=CIRCLE('',#2383,2.);
#853=CIRCLE('',#2386,2.);
#854=CIRCLE('',#2387,2.);
#855=CIRCLE('',#2390,2.);
#856=CIRCLE('',#2391,2.);
#857=CIRCLE('',#2394,2.);
#858=CIRCLE('',#2395,2.);
#859=CIRCLE('',#2398,0.499999999999996);
#860=CIRCLE('',#2401,0.500000000000011);
#861=CIRCLE('',#2402,5.39940192475527);
#862=CIRCLE('',#2403,5.89940192475527);
#863=CIRCLE('',#2405,0.499999999770822);
#864=CIRCLE('',#2407,0.5);
#865=CIRCLE('',#2408,5.39944534083854);
#866=CIRCLE('',#2409,5.89944534083855);
#867=CIRCLE('',#2411,0.499999999912621);
#868=CIRCLE('',#2417,0.500000000000004);
#869=CIRCLE('',#2419,0.499999999999991);
#870=CIRCLE('',#2420,5.39999657542548);
#871=CIRCLE('',#2421,5.89999657542548);
#872=CIRCLE('',#2423,0.499999999999998);
#873=CIRCLE('',#2425,0.499999999999999);
#874=CIRCLE('',#2426,5.39999983945813);
#875=CIRCLE('',#2427,5.89999983945813);
#876=CIRCLE('',#2429,0.500000000043084);
#877=CIRCLE('',#2431,0.500000000000004);
#878=CIRCLE('',#2432,5.39998574580304);
#879=CIRCLE('',#2433,5.89998574580304);
#880=CIRCLE('',#2436,0.499999999999992);
#881=CIRCLE('',#2437,5.40051331080252);
#882=CIRCLE('',#2438,5.90051331080252);
#883=CIRCLE('',#2440,0.499999999935259);
#884=CIRCLE('',#2442,0.499999999999999);
#885=CIRCLE('',#2443,5.40012924034477);
#886=CIRCLE('',#2444,5.90012924034477);
#887=CIRCLE('',#2446,0.499999999999986);
#888=CIRCLE('',#2448,5.89999659855377);
#889=CIRCLE('',#2449,0.499999999948514);
#890=CIRCLE('',#2450,5.39999659855377);
#891=CIRCLE('',#2452,0.500000000051211);
#892=CIRCLE('',#2454,0.499999999999405);
#893=CIRCLE('',#2455,5.40000144944027);
#894=CIRCLE('',#2456,5.90000144944027);
#895=CIRCLE('',#2462,5.90000144944027);
#896=CIRCLE('',#2465,5.89999659855377);
#897=CIRCLE('',#2468,5.90012924034477);
#898=CIRCLE('',#2471,5.90051331080252);
#899=CIRCLE('',#2474,2.90000144944028);
#900=CIRCLE('',#2475,2.89999659850359);
#901=CIRCLE('',#2476,2.90012924034477);
#902=CIRCLE('',#2477,2.90051331080252);
#903=CIRCLE('',#2478,2.89998574580304);
#904=CIRCLE('',#2479,2.89999983945813);
#905=CIRCLE('',#2480,2.8999965754249);
#906=CIRCLE('',#2481,2.89944534083855);
#907=CIRCLE('',#2482,2.89940192475527);
#908=CIRCLE('',#2483,2.90021929294629);
#909=CIRCLE('',#2487,5.39998574580304);
#910=CIRCLE('',#2488,5.89998574580304);
#911=CIRCLE('',#2491,5.39999983945812);
#912=CIRCLE('',#2492,5.89999983945813);
#913=CIRCLE('',#2495,5.39999657542548);
#914=CIRCLE('',#2496,5.89999657542548);
#915=CIRCLE('',#2501,5.39944534083854);
#916=CIRCLE('',#2502,5.89944534083854);
#917=CIRCLE('',#2505,5.39940192475527);
#918=CIRCLE('',#2506,5.89940192475527);
#919=CIRCLE('',#2509,5.40021929294257);
#920=CIRCLE('',#2512,5.40000144944026);
#921=CIRCLE('',#2515,5.39999659855377);
#922=CIRCLE('',#2518,5.40012924034477);
#923=CIRCLE('',#2521,5.40051331080252);
#924=CIRCLE('',#2537,2.89998574580304);
#925=CIRCLE('',#2542,2.90051331080252);
#926=CIRCLE('',#2545,2.90012924034477);
#927=CIRCLE('',#2548,2.89999659850359);
#928=CIRCLE('',#2551,2.90000144944028);
#929=CIRCLE('',#2554,2.90021929294629);
#930=CIRCLE('',#2558,2.89940192475527);
#931=CIRCLE('',#2561,2.89944534083855);
#932=CIRCLE('',#2565,2.8999965754249);
#933=CIRCLE('',#2568,2.89999983945813);
#934=CIRCLE('',#2570,3.6);
#935=CIRCLE('',#2571,3.6);
#936=CIRCLE('',#2574,3.6);
#937=CIRCLE('',#2575,3.6);
#938=CIRCLE('',#2578,3.6);
#939=CIRCLE('',#2579,3.6);
#940=CIRCLE('',#2582,3.6);
#941=CIRCLE('',#2583,3.6);
#942=VERTEX_POINT('',#3306);
#943=VERTEX_POINT('',#3308);
#944=VERTEX_POINT('',#3312);
#945=VERTEX_POINT('',#3314);
#946=VERTEX_POINT('',#3319);
#947=VERTEX_POINT('',#3320);
#948=VERTEX_POINT('',#3322);
#949=VERTEX_POINT('',#3324);
#950=VERTEX_POINT('',#3328);
#951=VERTEX_POINT('',#3330);
#952=VERTEX_POINT('',#3334);
#953=VERTEX_POINT('',#3336);
#954=VERTEX_POINT('',#3345);
#955=VERTEX_POINT('',#3346);
#956=VERTEX_POINT('',#3348);
#957=VERTEX_POINT('',#3350);
#958=VERTEX_POINT('',#3354);
#959=VERTEX_POINT('',#3356);
#960=VERTEX_POINT('',#3360);
#961=VERTEX_POINT('',#3361);
#962=VERTEX_POINT('',#3363);
#963=VERTEX_POINT('',#3365);
#964=VERTEX_POINT('',#3372);
#965=VERTEX_POINT('',#3374);
#966=VERTEX_POINT('',#3378);
#967=VERTEX_POINT('',#3380);
#968=VERTEX_POINT('',#3384);
#969=VERTEX_POINT('',#3386);
#970=VERTEX_POINT('',#3393);
#971=VERTEX_POINT('',#3394);
#972=VERTEX_POINT('',#3403);
#973=VERTEX_POINT('',#3405);
#974=VERTEX_POINT('',#3407);
#975=VERTEX_POINT('',#3411);
#976=VERTEX_POINT('',#3413);
#977=VERTEX_POINT('',#3417);
#978=VERTEX_POINT('',#3419);
#979=VERTEX_POINT('',#3423);
#980=VERTEX_POINT('',#3425);
#981=VERTEX_POINT('',#3427);
#982=VERTEX_POINT('',#3431);
#983=VERTEX_POINT('',#3433);
#984=VERTEX_POINT('',#3444);
#985=VERTEX_POINT('',#3448);
#986=VERTEX_POINT('',#3450);
#987=VERTEX_POINT('',#3454);
#988=VERTEX_POINT('',#3456);
#989=VERTEX_POINT('',#3458);
#990=VERTEX_POINT('',#3462);
#991=VERTEX_POINT('',#3464);
#992=VERTEX_POINT('',#3468);
#993=VERTEX_POINT('',#3470);
#994=VERTEX_POINT('',#3475);
#995=VERTEX_POINT('',#3477);
#996=VERTEX_POINT('',#3482);
#997=VERTEX_POINT('',#3484);
#998=VERTEX_POINT('',#3489);
#999=VERTEX_POINT('',#3491);
#1000=VERTEX_POINT('',#3496);
#1001=VERTEX_POINT('',#3497);
#1002=VERTEX_POINT('',#3499);
#1003=VERTEX_POINT('',#3501);
#1004=VERTEX_POINT('',#3505);
#1005=VERTEX_POINT('',#3506);
#1006=VERTEX_POINT('',#3511);
#1007=VERTEX_POINT('',#3512);
#1008=VERTEX_POINT('',#3517);
#1009=VERTEX_POINT('',#3518);
#1010=VERTEX_POINT('',#3523);
#1011=VERTEX_POINT('',#3524);
#1012=VERTEX_POINT('',#3526);
#1013=VERTEX_POINT('',#3528);
#1014=VERTEX_POINT('',#3532);
#1015=VERTEX_POINT('',#3534);
#1016=VERTEX_POINT('',#3538);
#1017=VERTEX_POINT('',#3539);
#1018=VERTEX_POINT('',#3574);
#1019=VERTEX_POINT('',#3576);
#1020=VERTEX_POINT('',#3580);
#1021=VERTEX_POINT('',#3581);
#1022=VERTEX_POINT('',#3586);
#1023=VERTEX_POINT('',#3588);
#1024=VERTEX_POINT('',#3592);
#1025=VERTEX_POINT('',#3593);
#1026=VERTEX_POINT('',#3598);
#1027=VERTEX_POINT('',#3600);
#1028=VERTEX_POINT('',#3604);
#1029=VERTEX_POINT('',#3605);
#1030=VERTEX_POINT('',#3613);
#1031=VERTEX_POINT('',#3614);
#1032=VERTEX_POINT('',#3619);
#1033=VERTEX_POINT('',#3620);
#1034=VERTEX_POINT('',#3625);
#1035=VERTEX_POINT('',#3626);
#1036=VERTEX_POINT('',#3631);
#1037=VERTEX_POINT('',#3632);
#1038=VERTEX_POINT('',#3637);
#1039=VERTEX_POINT('',#3639);
#1040=VERTEX_POINT('',#3643);
#1041=VERTEX_POINT('',#3644);
#1042=VERTEX_POINT('',#3649);
#1043=VERTEX_POINT('',#3659);
#1044=VERTEX_POINT('',#3661);
#1045=VERTEX_POINT('',#3667);
#1046=VERTEX_POINT('',#3671);
#1047=VERTEX_POINT('',#3675);
#1048=VERTEX_POINT('',#3677);
#1049=VERTEX_POINT('',#3681);
#1050=VERTEX_POINT('',#3685);
#1051=VERTEX_POINT('',#3689);
#1052=VERTEX_POINT('',#3693);
#1053=VERTEX_POINT('',#3697);
#1054=VERTEX_POINT('',#3701);
#1055=VERTEX_POINT('',#3703);
#1056=VERTEX_POINT('',#3705);
#1057=VERTEX_POINT('',#3707);
#1058=VERTEX_POINT('',#3709);
#1059=VERTEX_POINT('',#3711);
#1060=VERTEX_POINT('',#3713);
#1061=VERTEX_POINT('',#3715);
#1062=VERTEX_POINT('',#3717);
#1063=VERTEX_POINT('',#3719);
#1064=VERTEX_POINT('',#3721);
#1065=VERTEX_POINT('',#3723);
#1066=VERTEX_POINT('',#3725);
#1067=VERTEX_POINT('',#3727);
#1068=VERTEX_POINT('',#3729);
#1069=VERTEX_POINT('',#3731);
#1070=VERTEX_POINT('',#3733);
#1071=VERTEX_POINT('',#3735);
#1072=VERTEX_POINT('',#3737);
#1073=VERTEX_POINT('',#3739);
#1074=VERTEX_POINT('',#3741);
#1075=VERTEX_POINT('',#3743);
#1076=VERTEX_POINT('',#3745);
#1077=VERTEX_POINT('',#3747);
#1078=VERTEX_POINT('',#3751);
#1079=VERTEX_POINT('',#3753);
#1080=VERTEX_POINT('',#3757);
#1081=VERTEX_POINT('',#3758);
#1082=VERTEX_POINT('',#3760);
#1083=VERTEX_POINT('',#3762);
#1084=VERTEX_POINT('',#3766);
#1085=VERTEX_POINT('',#3767);
#1086=VERTEX_POINT('',#3772);
#1087=VERTEX_POINT('',#3773);
#1088=VERTEX_POINT('',#3778);
#1089=VERTEX_POINT('',#3779);
#1090=VERTEX_POINT('',#3784);
#1091=VERTEX_POINT('',#3785);
#1092=VERTEX_POINT('',#3790);
#1093=VERTEX_POINT('',#3791);
#1094=VERTEX_POINT('',#3796);
#1095=VERTEX_POINT('',#3797);
#1096=VERTEX_POINT('',#3803);
#1097=VERTEX_POINT('',#3807);
#1098=VERTEX_POINT('',#3809);
#1099=VERTEX_POINT('',#3813);
#1100=VERTEX_POINT('',#3814);
#1101=VERTEX_POINT('',#3819);
#1102=VERTEX_POINT('',#3820);
#1103=VERTEX_POINT('',#3825);
#1104=VERTEX_POINT('',#3832);
#1105=VERTEX_POINT('',#3836);
#1106=VERTEX_POINT('',#3840);
#1107=VERTEX_POINT('',#3844);
#1108=VERTEX_POINT('',#3848);
#1109=VERTEX_POINT('',#3852);
#1110=VERTEX_POINT('',#3856);
#1111=VERTEX_POINT('',#3860);
#1112=VERTEX_POINT('',#3864);
#1113=VERTEX_POINT('',#3880);
#1114=VERTEX_POINT('',#3886);
#1115=VERTEX_POINT('',#3897);
#1116=VERTEX_POINT('',#3898);
#1117=VERTEX_POINT('',#3903);
#1118=VERTEX_POINT('',#3907);
#1119=VERTEX_POINT('',#3911);
#1120=VERTEX_POINT('',#3915);
#1121=VERTEX_POINT('',#3919);
#1122=VERTEX_POINT('',#3923);
#1123=VERTEX_POINT('',#3927);
#1124=VERTEX_POINT('',#3931);
#1125=VERTEX_POINT('',#3935);
#1126=VERTEX_POINT('',#3939);
#1127=VERTEX_POINT('',#3943);
#1128=VERTEX_POINT('',#3947);
#1129=VERTEX_POINT('',#3951);
#1130=VERTEX_POINT('',#3955);
#1131=VERTEX_POINT('',#3959);
#1132=VERTEX_POINT('',#3963);
#1133=VERTEX_POINT('',#3967);
#1134=VERTEX_POINT('',#3971);
#1135=VERTEX_POINT('',#3975);
#1136=VERTEX_POINT('',#3979);
#1137=VERTEX_POINT('',#3983);
#1138=VERTEX_POINT('',#3987);
#1139=VERTEX_POINT('',#3993);
#1140=VERTEX_POINT('',#3995);
#1141=VERTEX_POINT('',#4000);
#1142=VERTEX_POINT('',#4002);
#1143=VERTEX_POINT('',#4007);
#1144=VERTEX_POINT('',#4009);
#1145=VERTEX_POINT('',#4014);
#1146=VERTEX_POINT('',#4016);
#1147=EDGE_CURVE('',#942,#942,#835,.T.);
#1148=EDGE_CURVE('',#942,#943,#413,.T.);
#1149=EDGE_CURVE('',#943,#943,#836,.T.);
#1150=EDGE_CURVE('',#944,#944,#837,.T.);
#1151=EDGE_CURVE('',#944,#945,#414,.T.);
#1152=EDGE_CURVE('',#945,#945,#838,.T.);
#1153=EDGE_CURVE('',#946,#947,#415,.T.);
#1154=EDGE_CURVE('',#946,#948,#416,.T.);
#1155=EDGE_CURVE('',#948,#949,#417,.T.);
#1156=EDGE_CURVE('',#947,#949,#418,.T.);
#1157=EDGE_CURVE('',#950,#946,#419,.T.);
#1158=EDGE_CURVE('',#950,#951,#420,.T.);
#1159=EDGE_CURVE('',#951,#948,#421,.T.);
#1160=EDGE_CURVE('',#952,#950,#422,.T.);
#1161=EDGE_CURVE('',#952,#953,#423,.T.);
#1162=EDGE_CURVE('',#953,#951,#424,.T.);
#1163=EDGE_CURVE('',#947,#952,#425,.T.);
#1164=EDGE_CURVE('',#949,#953,#426,.T.);
#1165=EDGE_CURVE('',#954,#955,#839,.T.);
#1166=EDGE_CURVE('',#955,#956,#427,.T.);
#1167=EDGE_CURVE('',#956,#957,#840,.T.);
#1168=EDGE_CURVE('',#957,#954,#428,.T.);
#1169=EDGE_CURVE('',#958,#955,#429,.T.);
#1170=EDGE_CURVE('',#959,#958,#430,.T.);
#1171=EDGE_CURVE('',#956,#959,#431,.T.);
#1172=EDGE_CURVE('',#960,#961,#841,.T.);
#1173=EDGE_CURVE('',#961,#962,#432,.T.);
#1174=EDGE_CURVE('',#962,#963,#842,.T.);
#1175=EDGE_CURVE('',#963,#960,#433,.T.);
#1176=EDGE_CURVE('',#962,#957,#434,.T.);
#1177=EDGE_CURVE('',#954,#961,#435,.T.);
#1178=EDGE_CURVE('',#958,#964,#843,.T.);
#1179=EDGE_CURVE('',#964,#965,#436,.T.);
#1180=EDGE_CURVE('',#965,#959,#844,.T.);
#1181=EDGE_CURVE('',#966,#964,#437,.T.);
#1182=EDGE_CURVE('',#967,#966,#438,.T.);
#1183=EDGE_CURVE('',#965,#967,#439,.T.);
#1184=EDGE_CURVE('',#966,#968,#845,.T.);
#1185=EDGE_CURVE('',#968,#969,#440,.T.);
#1186=EDGE_CURVE('',#969,#967,#846,.T.);
#1187=EDGE_CURVE('',#969,#963,#441,.T.);
#1188=EDGE_CURVE('',#960,#968,#442,.T.);
#1189=EDGE_CURVE('',#970,#971,#43,.F.);
#1190=EDGE_CURVE('',#970,#972,#443,.T.);
#1191=EDGE_CURVE('',#972,#973,#35,.T.);
#1192=EDGE_CURVE('',#973,#974,#444,.T.);
#1193=EDGE_CURVE('',#974,#971,#36,.T.);
#1194=EDGE_CURVE('',#975,#973,#445,.T.);
#1195=EDGE_CURVE('',#976,#975,#446,.T.);
#1196=EDGE_CURVE('',#974,#976,#447,.T.);
#1197=EDGE_CURVE('',#975,#977,#37,.T.);
#1198=EDGE_CURVE('',#977,#978,#448,.T.);
#1199=EDGE_CURVE('',#978,#976,#38,.T.);
#1200=EDGE_CURVE('',#979,#977,#449,.T.);
#1201=EDGE_CURVE('',#980,#979,#450,.T.);
#1202=EDGE_CURVE('',#981,#980,#39,.T.);
#1203=EDGE_CURVE('',#978,#981,#451,.T.);
#1204=EDGE_CURVE('',#982,#970,#452,.T.);
#1205=EDGE_CURVE('',#983,#982,#44,.T.);
#1206=EDGE_CURVE('',#984,#983,#453,.T.);
#1207=EDGE_CURVE('',#972,#984,#454,.T.);
#1208=EDGE_CURVE('',#982,#985,#847,.T.);
#1209=EDGE_CURVE('',#985,#986,#848,.T.);
#1210=EDGE_CURVE('',#986,#983,#849,.T.);
#1211=EDGE_CURVE('',#987,#971,#455,.F.);
#1212=EDGE_CURVE('',#988,#987,#456,.T.);
#1213=EDGE_CURVE('',#989,#988,#850,.T.);
#1214=EDGE_CURVE('',#989,#985,#457,.T.);
#1215=EDGE_CURVE('',#990,#981,#458,.T.);
#1216=EDGE_CURVE('',#991,#990,#459,.T.);
#1217=EDGE_CURVE('',#988,#991,#460,.T.);
#1218=EDGE_CURVE('',#992,#992,#851,.T.);
#1219=EDGE_CURVE('',#992,#993,#461,.T.);
#1220=EDGE_CURVE('',#993,#993,#852,.T.);
#1221=EDGE_CURVE('',#994,#994,#853,.T.);
#1222=EDGE_CURVE('',#994,#995,#462,.T.);
#1223=EDGE_CURVE('',#995,#995,#854,.T.);
#1224=EDGE_CURVE('',#996,#996,#855,.T.);
#1225=EDGE_CURVE('',#996,#997,#463,.T.);
#1226=EDGE_CURVE('',#997,#997,#856,.T.);
#1227=EDGE_CURVE('',#998,#998,#857,.T.);
#1228=EDGE_CURVE('',#998,#999,#464,.T.);
#1229=EDGE_CURVE('',#999,#999,#858,.T.);
#1230=EDGE_CURVE('',#1000,#1001,#465,.T.);
#1231=EDGE_CURVE('',#1001,#1002,#859,.T.);
#1232=EDGE_CURVE('',#1002,#1003,#466,.T.);
#1233=EDGE_CURVE('',#1003,#1000,#40,.T.);
#1234=EDGE_CURVE('',#1004,#1005,#860,.T.);
#1235=EDGE_CURVE('',#1005,#1002,#861,.T.);
#1236=EDGE_CURVE('',#1001,#1004,#862,.T.);
#1237=EDGE_CURVE('',#1006,#1007,#863,.T.);
#1238=EDGE_CURVE('',#1007,#1005,#467,.T.);
#1239=EDGE_CURVE('',#1004,#1006,#468,.T.);
#1240=EDGE_CURVE('',#1008,#1009,#864,.T.);
#1241=EDGE_CURVE('',#1008,#1007,#865,.T.);
#1242=EDGE_CURVE('',#1006,#1009,#866,.T.);
#1243=EDGE_CURVE('',#1010,#1011,#469,.T.);
#1244=EDGE_CURVE('',#1011,#1012,#867,.T.);
#1245=EDGE_CURVE('',#1012,#1013,#470,.T.);
#1246=EDGE_CURVE('',#1013,#1010,#41,.T.);
#1247=EDGE_CURVE('',#1013,#1014,#471,.T.);
#1248=EDGE_CURVE('',#1014,#1015,#42,.T.);
#1249=EDGE_CURVE('',#1015,#1010,#472,.T.);
#1250=EDGE_CURVE('',#1016,#1017,#45,.T.);
#1251=EDGE_CURVE('',#1017,#1008,#473,.T.);
#1252=EDGE_CURVE('',#1009,#1016,#474,.T.);
#1253=EDGE_CURVE('',#1016,#1018,#475,.T.);
#1254=EDGE_CURVE('',#1018,#1019,#868,.T.);
#1255=EDGE_CURVE('',#1019,#1017,#476,.T.);
#1256=EDGE_CURVE('',#1020,#1021,#869,.T.);
#1257=EDGE_CURVE('',#1021,#1019,#870,.T.);
#1258=EDGE_CURVE('',#1018,#1020,#871,.T.);
#1259=EDGE_CURVE('',#1020,#1022,#477,.T.);
#1260=EDGE_CURVE('',#1022,#1023,#872,.T.);
#1261=EDGE_CURVE('',#1023,#1021,#478,.T.);
#1262=EDGE_CURVE('',#1024,#1025,#873,.T.);
#1263=EDGE_CURVE('',#1025,#1023,#874,.T.);
#1264=EDGE_CURVE('',#1022,#1024,#875,.T.);
#1265=EDGE_CURVE('',#1024,#1026,#479,.T.);
#1266=EDGE_CURVE('',#1026,#1027,#876,.T.);
#1267=EDGE_CURVE('',#1027,#1025,#480,.T.);
#1268=EDGE_CURVE('',#1028,#1029,#877,.T.);
#1269=EDGE_CURVE('',#1029,#1027,#878,.T.);
#1270=EDGE_CURVE('',#1026,#1028,#879,.T.);
#1271=EDGE_CURVE('',#1014,#1029,#481,.T.);
#1272=EDGE_CURVE('',#1028,#1015,#482,.T.);
#1273=EDGE_CURVE('',#1030,#1031,#880,.T.);
#1274=EDGE_CURVE('',#1031,#1012,#881,.T.);
#1275=EDGE_CURVE('',#1011,#1030,#882,.T.);
#1276=EDGE_CURVE('',#1032,#1033,#883,.T.);
#1277=EDGE_CURVE('',#1033,#1031,#483,.T.);
#1278=EDGE_CURVE('',#1030,#1032,#484,.T.);
#1279=EDGE_CURVE('',#1034,#1035,#884,.T.);
#1280=EDGE_CURVE('',#1035,#1033,#885,.T.);
#1281=EDGE_CURVE('',#1032,#1034,#886,.T.);
#1282=EDGE_CURVE('',#1036,#1037,#887,.T.);
#1283=EDGE_CURVE('',#1037,#1035,#485,.T.);
#1284=EDGE_CURVE('',#1034,#1036,#486,.T.);
#1285=EDGE_CURVE('',#1036,#1038,#888,.T.);
#1286=EDGE_CURVE('',#1038,#1039,#889,.T.);
#1287=EDGE_CURVE('',#1039,#1037,#890,.T.);
#1288=EDGE_CURVE('',#1040,#1041,#891,.T.);
#1289=EDGE_CURVE('',#1041,#1039,#487,.T.);
#1290=EDGE_CURVE('',#1038,#1040,#488,.T.);
#1291=EDGE_CURVE('',#990,#1042,#892,.T.);
#1292=EDGE_CURVE('',#1042,#1041,#893,.T.);
#1293=EDGE_CURVE('',#1040,#990,#894,.T.);
#1294=EDGE_CURVE('',#980,#1042,#489,.T.);
#1295=EDGE_CURVE('',#1003,#986,#490,.T.);
#1296=EDGE_CURVE('',#985,#1000,#491,.T.);
#1297=EDGE_CURVE('',#1043,#1000,#492,.T.);
#1298=EDGE_CURVE('',#1044,#1043,#493,.T.);
#1299=EDGE_CURVE('',#1044,#1001,#494,.T.);
#1300=EDGE_CURVE('',#1043,#989,#495,.T.);
#1301=EDGE_CURVE('',#1045,#1040,#496,.T.);
#1302=EDGE_CURVE('',#991,#1045,#895,.T.);
#1303=EDGE_CURVE('',#1046,#1038,#497,.T.);
#1304=EDGE_CURVE('',#1045,#1046,#498,.T.);
#1305=EDGE_CURVE('',#1047,#1036,#499,.T.);
#1306=EDGE_CURVE('',#1047,#1048,#500,.T.);
#1307=EDGE_CURVE('',#1046,#1048,#896,.T.);
#1308=EDGE_CURVE('',#1049,#1034,#501,.T.);
#1309=EDGE_CURVE('',#1048,#1049,#502,.T.);
#1310=EDGE_CURVE('',#1050,#1032,#503,.T.);
#1311=EDGE_CURVE('',#1049,#1050,#897,.T.);
#1312=EDGE_CURVE('',#1051,#1030,#504,.T.);
#1313=EDGE_CURVE('',#1050,#1051,#505,.T.);
#1314=EDGE_CURVE('',#1052,#1011,#506,.T.);
#1315=EDGE_CURVE('',#1051,#1052,#898,.T.);
#1316=EDGE_CURVE('',#1053,#1010,#507,.T.);
#1317=EDGE_CURVE('',#1052,#1053,#508,.T.);
#1318=EDGE_CURVE('',#979,#1054,#509,.T.);
#1319=EDGE_CURVE('',#1054,#1055,#899,.T.);
#1320=EDGE_CURVE('',#1055,#1056,#510,.T.);
#1321=EDGE_CURVE('',#1056,#1057,#900,.T.);
#1322=EDGE_CURVE('',#1057,#1058,#511,.T.);
#1323=EDGE_CURVE('',#1058,#1059,#901,.T.);
#1324=EDGE_CURVE('',#1059,#1060,#512,.T.);
#1325=EDGE_CURVE('',#1060,#1061,#902,.T.);
#1326=EDGE_CURVE('',#1061,#1062,#513,.T.);
#1327=EDGE_CURVE('',#1062,#1063,#514,.T.);
#1328=EDGE_CURVE('',#1063,#1064,#515,.T.);
#1329=EDGE_CURVE('',#1064,#1065,#903,.T.);
#1330=EDGE_CURVE('',#1065,#1066,#516,.T.);
#1331=EDGE_CURVE('',#1066,#1067,#904,.T.);
#1332=EDGE_CURVE('',#1067,#1068,#517,.T.);
#1333=EDGE_CURVE('',#1068,#1069,#905,.T.);
#1334=EDGE_CURVE('',#1069,#1070,#518,.T.);
#1335=EDGE_CURVE('',#1070,#1071,#519,.T.);
#1336=EDGE_CURVE('',#1071,#1072,#906,.T.);
#1337=EDGE_CURVE('',#1072,#1073,#520,.T.);
#1338=EDGE_CURVE('',#1073,#1074,#907,.T.);
#1339=EDGE_CURVE('',#1074,#1075,#521,.T.);
#1340=EDGE_CURVE('',#1075,#1076,#522,.T.);
#1341=EDGE_CURVE('',#1076,#1077,#908,.T.);
#1342=EDGE_CURVE('',#1077,#984,#523,.T.);
#1343=EDGE_CURVE('',#989,#1078,#524,.T.);
#1344=EDGE_CURVE('',#1078,#1079,#525,.T.);
#1345=EDGE_CURVE('',#1079,#1043,#526,.T.);
#1346=EDGE_CURVE('',#1080,#1081,#527,.T.);
#1347=EDGE_CURVE('',#1081,#1082,#528,.T.);
#1348=EDGE_CURVE('',#1082,#1083,#529,.T.);
#1349=EDGE_CURVE('',#1083,#1080,#530,.T.);
#1350=EDGE_CURVE('',#1084,#1085,#531,.T.);
#1351=EDGE_CURVE('',#1085,#1082,#909,.T.);
#1352=EDGE_CURVE('',#1081,#1084,#910,.T.);
#1353=EDGE_CURVE('',#1086,#1087,#532,.T.);
#1354=EDGE_CURVE('',#1087,#1085,#533,.T.);
#1355=EDGE_CURVE('',#1084,#1086,#534,.T.);
#1356=EDGE_CURVE('',#1088,#1089,#535,.T.);
#1357=EDGE_CURVE('',#1089,#1087,#911,.T.);
#1358=EDGE_CURVE('',#1086,#1088,#912,.T.);
#1359=EDGE_CURVE('',#1090,#1091,#536,.T.);
#1360=EDGE_CURVE('',#1091,#1089,#537,.T.);
#1361=EDGE_CURVE('',#1088,#1090,#538,.T.);
#1362=EDGE_CURVE('',#1092,#1093,#539,.T.);
#1363=EDGE_CURVE('',#1093,#1091,#913,.T.);
#1364=EDGE_CURVE('',#1090,#1092,#914,.T.);
#1365=EDGE_CURVE('',#1094,#1095,#540,.T.);
#1366=EDGE_CURVE('',#1095,#1093,#541,.T.);
#1367=EDGE_CURVE('',#1092,#1094,#542,.T.);
#1368=EDGE_CURVE('',#1053,#1080,#543,.T.);
#1369=EDGE_CURVE('',#1083,#1096,#544,.T.);
#1370=EDGE_CURVE('',#1096,#1053,#545,.T.);
#1371=EDGE_CURVE('',#1094,#1097,#546,.T.);
#1372=EDGE_CURVE('',#1097,#1098,#547,.T.);
#1373=EDGE_CURVE('',#1098,#1095,#548,.T.);
#1374=EDGE_CURVE('',#1099,#1100,#549,.T.);
#1375=EDGE_CURVE('',#1100,#1098,#915,.T.);
#1376=EDGE_CURVE('',#1097,#1099,#916,.T.);
#1377=EDGE_CURVE('',#1101,#1102,#550,.T.);
#1378=EDGE_CURVE('',#1102,#1100,#551,.T.);
#1379=EDGE_CURVE('',#1099,#1101,#552,.T.);
#1380=EDGE_CURVE('',#1044,#1103,#553,.T.);
#1381=EDGE_CURVE('',#1103,#1102,#917,.T.);
#1382=EDGE_CURVE('',#1101,#1044,#918,.T.);
#1383=EDGE_CURVE('',#1079,#1103,#554,.T.);
#1384=EDGE_CURVE('',#988,#1104,#555,.T.);
#1385=EDGE_CURVE('',#1104,#1078,#919,.T.);
#1386=EDGE_CURVE('',#991,#1105,#556,.T.);
#1387=EDGE_CURVE('',#1105,#1104,#557,.T.);
#1388=EDGE_CURVE('',#1045,#1106,#558,.T.);
#1389=EDGE_CURVE('',#1106,#1105,#920,.T.);
#1390=EDGE_CURVE('',#1046,#1107,#559,.T.);
#1391=EDGE_CURVE('',#1107,#1106,#560,.T.);
#1392=EDGE_CURVE('',#1048,#1108,#561,.T.);
#1393=EDGE_CURVE('',#1108,#1107,#921,.T.);
#1394=EDGE_CURVE('',#1049,#1109,#562,.T.);
#1395=EDGE_CURVE('',#1109,#1108,#563,.T.);
#1396=EDGE_CURVE('',#1050,#1110,#564,.T.);
#1397=EDGE_CURVE('',#1110,#1109,#922,.T.);
#1398=EDGE_CURVE('',#1051,#1111,#565,.T.);
#1399=EDGE_CURVE('',#1111,#1110,#566,.T.);
#1400=EDGE_CURVE('',#1052,#1112,#567,.T.);
#1401=EDGE_CURVE('',#1112,#1111,#923,.T.);
#1402=EDGE_CURVE('',#1096,#1112,#568,.T.);
#1403=EDGE_CURVE('',#1101,#1004,#569,.T.);
#1404=EDGE_CURVE('',#1099,#1006,#570,.T.);
#1405=EDGE_CURVE('',#1097,#1009,#571,.T.);
#1406=EDGE_CURVE('',#1094,#1016,#572,.T.);
#1407=EDGE_CURVE('',#1092,#1018,#573,.T.);
#1408=EDGE_CURVE('',#1113,#1090,#574,.T.);
#1409=EDGE_CURVE('',#1113,#1020,#575,.T.);
#1410=EDGE_CURVE('',#1022,#1088,#576,.T.);
#1411=EDGE_CURVE('',#1114,#1086,#577,.T.);
#1412=EDGE_CURVE('',#1114,#1024,#578,.T.);
#1413=EDGE_CURVE('',#1084,#1026,#579,.T.);
#1414=EDGE_CURVE('',#1081,#1028,#580,.T.);
#1415=EDGE_CURVE('',#1080,#1015,#581,.T.);
#1416=EDGE_CURVE('',#1115,#1116,#582,.T.);
#1417=EDGE_CURVE('',#1115,#1066,#583,.T.);
#1418=EDGE_CURVE('',#1116,#1065,#584,.T.);
#1419=EDGE_CURVE('',#1116,#1117,#924,.T.);
#1420=EDGE_CURVE('',#1117,#1064,#585,.T.);
#1421=EDGE_CURVE('',#1117,#1118,#586,.T.);
#1422=EDGE_CURVE('',#1118,#1063,#587,.T.);
#1423=EDGE_CURVE('',#1118,#1119,#588,.T.);
#1424=EDGE_CURVE('',#1119,#1062,#589,.T.);
#1425=EDGE_CURVE('',#1119,#1120,#590,.T.);
#1426=EDGE_CURVE('',#1120,#1061,#591,.T.);
#1427=EDGE_CURVE('',#1120,#1121,#925,.T.);
#1428=EDGE_CURVE('',#1121,#1060,#592,.T.);
#1429=EDGE_CURVE('',#1121,#1122,#593,.T.);
#1430=EDGE_CURVE('',#1122,#1059,#594,.T.);
#1431=EDGE_CURVE('',#1122,#1123,#926,.T.);
#1432=EDGE_CURVE('',#1123,#1058,#595,.T.);
#1433=EDGE_CURVE('',#1123,#1124,#596,.T.);
#1434=EDGE_CURVE('',#1124,#1057,#597,.T.);
#1435=EDGE_CURVE('',#1124,#1125,#927,.T.);
#1436=EDGE_CURVE('',#1125,#1056,#598,.T.);
#1437=EDGE_CURVE('',#1125,#1126,#599,.T.);
#1438=EDGE_CURVE('',#1126,#1055,#600,.T.);
#1439=EDGE_CURVE('',#1126,#1127,#928,.T.);
#1440=EDGE_CURVE('',#1127,#1054,#601,.T.);
#1441=EDGE_CURVE('',#1128,#1077,#602,.T.);
#1442=EDGE_CURVE('',#1127,#1128,#603,.T.);
#1443=EDGE_CURVE('',#1128,#1129,#929,.T.);
#1444=EDGE_CURVE('',#1129,#1076,#604,.T.);
#1445=EDGE_CURVE('',#1129,#1130,#605,.T.);
#1446=EDGE_CURVE('',#1130,#1075,#606,.T.);
#1447=EDGE_CURVE('',#1130,#1131,#607,.T.);
#1448=EDGE_CURVE('',#1131,#1074,#608,.T.);
#1449=EDGE_CURVE('',#1131,#1132,#930,.T.);
#1450=EDGE_CURVE('',#1132,#1073,#609,.T.);
#1451=EDGE_CURVE('',#1132,#1133,#610,.T.);
#1452=EDGE_CURVE('',#1133,#1072,#611,.T.);
#1453=EDGE_CURVE('',#1133,#1134,#931,.T.);
#1454=EDGE_CURVE('',#1134,#1071,#612,.T.);
#1455=EDGE_CURVE('',#1134,#1135,#613,.T.);
#1456=EDGE_CURVE('',#1135,#1070,#614,.T.);
#1457=EDGE_CURVE('',#1135,#1136,#615,.T.);
#1458=EDGE_CURVE('',#1136,#1069,#616,.T.);
#1459=EDGE_CURVE('',#1136,#1137,#932,.T.);
#1460=EDGE_CURVE('',#1137,#1068,#617,.T.);
#1461=EDGE_CURVE('',#1137,#1138,#618,.T.);
#1462=EDGE_CURVE('',#1138,#1067,#619,.T.);
#1463=EDGE_CURVE('',#1138,#1115,#933,.T.);
#1464=EDGE_CURVE('',#1139,#1139,#934,.T.);
#1465=EDGE_CURVE('',#1139,#1140,#620,.T.);
#1466=EDGE_CURVE('',#1140,#1140,#935,.T.);
#1467=EDGE_CURVE('',#1141,#1141,#936,.T.);
#1468=EDGE_CURVE('',#1141,#1142,#621,.T.);
#1469=EDGE_CURVE('',#1142,#1142,#937,.T.);
#1470=EDGE_CURVE('',#1143,#1143,#938,.T.);
#1471=EDGE_CURVE('',#1143,#1144,#622,.T.);
#1472=EDGE_CURVE('',#1144,#1144,#939,.T.);
#1473=EDGE_CURVE('',#1145,#1145,#940,.T.);
#1474=EDGE_CURVE('',#1145,#1146,#623,.T.);
#1475=EDGE_CURVE('',#1146,#1146,#941,.T.);
#1476=ORIENTED_EDGE('',*,*,#1147,.F.);
#1477=ORIENTED_EDGE('',*,*,#1148,.T.);
#1478=ORIENTED_EDGE('',*,*,#1149,.T.);
#1479=ORIENTED_EDGE('',*,*,#1148,.F.);
#1480=ORIENTED_EDGE('',*,*,#1150,.F.);
#1481=ORIENTED_EDGE('',*,*,#1151,.T.);
#1482=ORIENTED_EDGE('',*,*,#1152,.T.);
#1483=ORIENTED_EDGE('',*,*,#1151,.F.);
#1484=ORIENTED_EDGE('',*,*,#1152,.F.);
#1485=ORIENTED_EDGE('',*,*,#1149,.F.);
#1486=ORIENTED_EDGE('',*,*,#1153,.F.);
#1487=ORIENTED_EDGE('',*,*,#1154,.T.);
#1488=ORIENTED_EDGE('',*,*,#1155,.T.);
#1489=ORIENTED_EDGE('',*,*,#1156,.F.);
#1490=ORIENTED_EDGE('',*,*,#1157,.F.);
#1491=ORIENTED_EDGE('',*,*,#1158,.T.);
#1492=ORIENTED_EDGE('',*,*,#1159,.T.);
#1493=ORIENTED_EDGE('',*,*,#1154,.F.);
#1494=ORIENTED_EDGE('',*,*,#1160,.F.);
#1495=ORIENTED_EDGE('',*,*,#1161,.T.);
#1496=ORIENTED_EDGE('',*,*,#1162,.T.);
#1497=ORIENTED_EDGE('',*,*,#1158,.F.);
#1498=ORIENTED_EDGE('',*,*,#1163,.F.);
#1499=ORIENTED_EDGE('',*,*,#1156,.T.);
#1500=ORIENTED_EDGE('',*,*,#1164,.T.);
#1501=ORIENTED_EDGE('',*,*,#1161,.F.);
#1502=ORIENTED_EDGE('',*,*,#1164,.F.);
#1503=ORIENTED_EDGE('',*,*,#1155,.F.);
#1504=ORIENTED_EDGE('',*,*,#1159,.F.);
#1505=ORIENTED_EDGE('',*,*,#1162,.F.);
#1506=ORIENTED_EDGE('',*,*,#1147,.T.);
#1507=ORIENTED_EDGE('',*,*,#1165,.T.);
#1508=ORIENTED_EDGE('',*,*,#1166,.T.);
#1509=ORIENTED_EDGE('',*,*,#1167,.T.);
#1510=ORIENTED_EDGE('',*,*,#1168,.T.);
#1511=ORIENTED_EDGE('',*,*,#1166,.F.);
#1512=ORIENTED_EDGE('',*,*,#1169,.F.);
#1513=ORIENTED_EDGE('',*,*,#1170,.F.);
#1514=ORIENTED_EDGE('',*,*,#1171,.F.);
#1515=ORIENTED_EDGE('',*,*,#1172,.T.);
#1516=ORIENTED_EDGE('',*,*,#1173,.T.);
#1517=ORIENTED_EDGE('',*,*,#1174,.T.);
#1518=ORIENTED_EDGE('',*,*,#1175,.T.);
#1519=ORIENTED_EDGE('',*,*,#1168,.F.);
#1520=ORIENTED_EDGE('',*,*,#1176,.F.);
#1521=ORIENTED_EDGE('',*,*,#1173,.F.);
#1522=ORIENTED_EDGE('',*,*,#1177,.F.);
#1523=ORIENTED_EDGE('',*,*,#1178,.T.);
#1524=ORIENTED_EDGE('',*,*,#1179,.T.);
#1525=ORIENTED_EDGE('',*,*,#1180,.T.);
#1526=ORIENTED_EDGE('',*,*,#1170,.T.);
#1527=ORIENTED_EDGE('',*,*,#1179,.F.);
#1528=ORIENTED_EDGE('',*,*,#1181,.F.);
#1529=ORIENTED_EDGE('',*,*,#1182,.F.);
#1530=ORIENTED_EDGE('',*,*,#1183,.F.);
#1531=ORIENTED_EDGE('',*,*,#1184,.T.);
#1532=ORIENTED_EDGE('',*,*,#1185,.T.);
#1533=ORIENTED_EDGE('',*,*,#1186,.T.);
#1534=ORIENTED_EDGE('',*,*,#1182,.T.);
#1535=ORIENTED_EDGE('',*,*,#1175,.F.);
#1536=ORIENTED_EDGE('',*,*,#1187,.F.);
#1537=ORIENTED_EDGE('',*,*,#1185,.F.);
#1538=ORIENTED_EDGE('',*,*,#1188,.F.);
#1539=ORIENTED_EDGE('',*,*,#1189,.F.);
#1540=ORIENTED_EDGE('',*,*,#1190,.T.);
#1541=ORIENTED_EDGE('',*,*,#1191,.T.);
#1542=ORIENTED_EDGE('',*,*,#1192,.T.);
#1543=ORIENTED_EDGE('',*,*,#1193,.T.);
#1544=ORIENTED_EDGE('',*,*,#1192,.F.);
#1545=ORIENTED_EDGE('',*,*,#1194,.F.);
#1546=ORIENTED_EDGE('',*,*,#1195,.F.);
#1547=ORIENTED_EDGE('',*,*,#1196,.F.);
#1548=ORIENTED_EDGE('',*,*,#1197,.T.);
#1549=ORIENTED_EDGE('',*,*,#1198,.T.);
#1550=ORIENTED_EDGE('',*,*,#1199,.T.);
#1551=ORIENTED_EDGE('',*,*,#1195,.T.);
#1552=ORIENTED_EDGE('',*,*,#1198,.F.);
#1553=ORIENTED_EDGE('',*,*,#1200,.F.);
#1554=ORIENTED_EDGE('',*,*,#1201,.F.);
#1555=ORIENTED_EDGE('',*,*,#1202,.F.);
#1556=ORIENTED_EDGE('',*,*,#1203,.F.);
#1557=ORIENTED_EDGE('',*,*,#1190,.F.);
#1558=ORIENTED_EDGE('',*,*,#1204,.F.);
#1559=ORIENTED_EDGE('',*,*,#1205,.F.);
#1560=ORIENTED_EDGE('',*,*,#1206,.F.);
#1561=ORIENTED_EDGE('',*,*,#1207,.F.);
#1562=ORIENTED_EDGE('',*,*,#1205,.T.);
#1563=ORIENTED_EDGE('',*,*,#1208,.T.);
#1564=ORIENTED_EDGE('',*,*,#1209,.T.);
#1565=ORIENTED_EDGE('',*,*,#1210,.T.);
#1566=ORIENTED_EDGE('',*,*,#1204,.T.);
#1567=ORIENTED_EDGE('',*,*,#1189,.T.);
#1568=ORIENTED_EDGE('',*,*,#1211,.F.);
#1569=ORIENTED_EDGE('',*,*,#1212,.F.);
#1570=ORIENTED_EDGE('',*,*,#1213,.F.);
#1571=ORIENTED_EDGE('',*,*,#1214,.T.);
#1572=ORIENTED_EDGE('',*,*,#1208,.F.);
#1573=ORIENTED_EDGE('',*,*,#1196,.T.);
#1574=ORIENTED_EDGE('',*,*,#1199,.F.);
#1575=ORIENTED_EDGE('',*,*,#1203,.T.);
#1576=ORIENTED_EDGE('',*,*,#1215,.F.);
#1577=ORIENTED_EDGE('',*,*,#1216,.F.);
#1578=ORIENTED_EDGE('',*,*,#1217,.F.);
#1579=ORIENTED_EDGE('',*,*,#1212,.T.);
#1580=ORIENTED_EDGE('',*,*,#1211,.T.);
#1581=ORIENTED_EDGE('',*,*,#1193,.F.);
#1582=ORIENTED_EDGE('',*,*,#1218,.F.);
#1583=ORIENTED_EDGE('',*,*,#1219,.T.);
#1584=ORIENTED_EDGE('',*,*,#1220,.T.);
#1585=ORIENTED_EDGE('',*,*,#1219,.F.);
#1586=ORIENTED_EDGE('',*,*,#1220,.F.);
#1587=ORIENTED_EDGE('',*,*,#1221,.F.);
#1588=ORIENTED_EDGE('',*,*,#1222,.T.);
#1589=ORIENTED_EDGE('',*,*,#1223,.T.);
#1590=ORIENTED_EDGE('',*,*,#1222,.F.);
#1591=ORIENTED_EDGE('',*,*,#1223,.F.);
#1592=ORIENTED_EDGE('',*,*,#1224,.F.);
#1593=ORIENTED_EDGE('',*,*,#1225,.T.);
#1594=ORIENTED_EDGE('',*,*,#1226,.T.);
#1595=ORIENTED_EDGE('',*,*,#1225,.F.);
#1596=ORIENTED_EDGE('',*,*,#1226,.F.);
#1597=ORIENTED_EDGE('',*,*,#1227,.F.);
#1598=ORIENTED_EDGE('',*,*,#1228,.T.);
#1599=ORIENTED_EDGE('',*,*,#1229,.T.);
#1600=ORIENTED_EDGE('',*,*,#1228,.F.);
#1601=ORIENTED_EDGE('',*,*,#1229,.F.);
#1602=ORIENTED_EDGE('',*,*,#1230,.T.);
#1603=ORIENTED_EDGE('',*,*,#1231,.T.);
#1604=ORIENTED_EDGE('',*,*,#1232,.T.);
#1605=ORIENTED_EDGE('',*,*,#1233,.T.);
#1606=ORIENTED_EDGE('',*,*,#1234,.T.);
#1607=ORIENTED_EDGE('',*,*,#1235,.T.);
#1608=ORIENTED_EDGE('',*,*,#1231,.F.);
#1609=ORIENTED_EDGE('',*,*,#1236,.T.);
#1610=ORIENTED_EDGE('',*,*,#1237,.T.);
#1611=ORIENTED_EDGE('',*,*,#1238,.T.);
#1612=ORIENTED_EDGE('',*,*,#1234,.F.);
#1613=ORIENTED_EDGE('',*,*,#1239,.T.);
#1614=ORIENTED_EDGE('',*,*,#1240,.F.);
#1615=ORIENTED_EDGE('',*,*,#1241,.T.);
#1616=ORIENTED_EDGE('',*,*,#1237,.F.);
#1617=ORIENTED_EDGE('',*,*,#1242,.T.);
#1618=ORIENTED_EDGE('',*,*,#1243,.T.);
#1619=ORIENTED_EDGE('',*,*,#1244,.T.);
#1620=ORIENTED_EDGE('',*,*,#1245,.T.);
#1621=ORIENTED_EDGE('',*,*,#1246,.T.);
#1622=ORIENTED_EDGE('',*,*,#1247,.T.);
#1623=ORIENTED_EDGE('',*,*,#1248,.T.);
#1624=ORIENTED_EDGE('',*,*,#1249,.T.);
#1625=ORIENTED_EDGE('',*,*,#1246,.F.);
#1626=ORIENTED_EDGE('',*,*,#1250,.T.);
#1627=ORIENTED_EDGE('',*,*,#1251,.T.);
#1628=ORIENTED_EDGE('',*,*,#1240,.T.);
#1629=ORIENTED_EDGE('',*,*,#1252,.T.);
#1630=ORIENTED_EDGE('',*,*,#1250,.F.);
#1631=ORIENTED_EDGE('',*,*,#1253,.T.);
#1632=ORIENTED_EDGE('',*,*,#1254,.T.);
#1633=ORIENTED_EDGE('',*,*,#1255,.T.);
#1634=ORIENTED_EDGE('',*,*,#1256,.T.);
#1635=ORIENTED_EDGE('',*,*,#1257,.T.);
#1636=ORIENTED_EDGE('',*,*,#1254,.F.);
#1637=ORIENTED_EDGE('',*,*,#1258,.T.);
#1638=ORIENTED_EDGE('',*,*,#1256,.F.);
#1639=ORIENTED_EDGE('',*,*,#1259,.T.);
#1640=ORIENTED_EDGE('',*,*,#1260,.T.);
#1641=ORIENTED_EDGE('',*,*,#1261,.T.);
#1642=ORIENTED_EDGE('',*,*,#1262,.T.);
#1643=ORIENTED_EDGE('',*,*,#1263,.T.);
#1644=ORIENTED_EDGE('',*,*,#1260,.F.);
#1645=ORIENTED_EDGE('',*,*,#1264,.T.);
#1646=ORIENTED_EDGE('',*,*,#1262,.F.);
#1647=ORIENTED_EDGE('',*,*,#1265,.T.);
#1648=ORIENTED_EDGE('',*,*,#1266,.T.);
#1649=ORIENTED_EDGE('',*,*,#1267,.T.);
#1650=ORIENTED_EDGE('',*,*,#1268,.T.);
#1651=ORIENTED_EDGE('',*,*,#1269,.T.);
#1652=ORIENTED_EDGE('',*,*,#1266,.F.);
#1653=ORIENTED_EDGE('',*,*,#1270,.T.);
#1654=ORIENTED_EDGE('',*,*,#1271,.T.);
#1655=ORIENTED_EDGE('',*,*,#1268,.F.);
#1656=ORIENTED_EDGE('',*,*,#1272,.T.);
#1657=ORIENTED_EDGE('',*,*,#1248,.F.);
#1658=ORIENTED_EDGE('',*,*,#1273,.T.);
#1659=ORIENTED_EDGE('',*,*,#1274,.T.);
#1660=ORIENTED_EDGE('',*,*,#1244,.F.);
#1661=ORIENTED_EDGE('',*,*,#1275,.T.);
#1662=ORIENTED_EDGE('',*,*,#1276,.T.);
#1663=ORIENTED_EDGE('',*,*,#1277,.T.);
#1664=ORIENTED_EDGE('',*,*,#1273,.F.);
#1665=ORIENTED_EDGE('',*,*,#1278,.T.);
#1666=ORIENTED_EDGE('',*,*,#1279,.T.);
#1667=ORIENTED_EDGE('',*,*,#1280,.T.);
#1668=ORIENTED_EDGE('',*,*,#1276,.F.);
#1669=ORIENTED_EDGE('',*,*,#1281,.T.);
#1670=ORIENTED_EDGE('',*,*,#1282,.T.);
#1671=ORIENTED_EDGE('',*,*,#1283,.T.);
#1672=ORIENTED_EDGE('',*,*,#1279,.F.);
#1673=ORIENTED_EDGE('',*,*,#1284,.T.);
#1674=ORIENTED_EDGE('',*,*,#1282,.F.);
#1675=ORIENTED_EDGE('',*,*,#1285,.T.);
#1676=ORIENTED_EDGE('',*,*,#1286,.T.);
#1677=ORIENTED_EDGE('',*,*,#1287,.T.);
#1678=ORIENTED_EDGE('',*,*,#1288,.T.);
#1679=ORIENTED_EDGE('',*,*,#1289,.T.);
#1680=ORIENTED_EDGE('',*,*,#1286,.F.);
#1681=ORIENTED_EDGE('',*,*,#1290,.T.);
#1682=ORIENTED_EDGE('',*,*,#1291,.T.);
#1683=ORIENTED_EDGE('',*,*,#1292,.T.);
#1684=ORIENTED_EDGE('',*,*,#1288,.F.);
#1685=ORIENTED_EDGE('',*,*,#1293,.T.);
#1686=ORIENTED_EDGE('',*,*,#1202,.T.);
#1687=ORIENTED_EDGE('',*,*,#1294,.T.);
#1688=ORIENTED_EDGE('',*,*,#1291,.F.);
#1689=ORIENTED_EDGE('',*,*,#1215,.T.);
#1690=ORIENTED_EDGE('',*,*,#1295,.T.);
#1691=ORIENTED_EDGE('',*,*,#1209,.F.);
#1692=ORIENTED_EDGE('',*,*,#1296,.T.);
#1693=ORIENTED_EDGE('',*,*,#1233,.F.);
#1694=ORIENTED_EDGE('',*,*,#1230,.F.);
#1695=ORIENTED_EDGE('',*,*,#1297,.F.);
#1696=ORIENTED_EDGE('',*,*,#1298,.F.);
#1697=ORIENTED_EDGE('',*,*,#1299,.T.);
#1698=ORIENTED_EDGE('',*,*,#1296,.F.);
#1699=ORIENTED_EDGE('',*,*,#1214,.F.);
#1700=ORIENTED_EDGE('',*,*,#1300,.F.);
#1701=ORIENTED_EDGE('',*,*,#1297,.T.);
#1702=ORIENTED_EDGE('',*,*,#1293,.F.);
#1703=ORIENTED_EDGE('',*,*,#1301,.F.);
#1704=ORIENTED_EDGE('',*,*,#1302,.F.);
#1705=ORIENTED_EDGE('',*,*,#1216,.T.);
#1706=ORIENTED_EDGE('',*,*,#1290,.F.);
#1707=ORIENTED_EDGE('',*,*,#1303,.F.);
#1708=ORIENTED_EDGE('',*,*,#1304,.F.);
#1709=ORIENTED_EDGE('',*,*,#1301,.T.);
#1710=ORIENTED_EDGE('',*,*,#1177,.T.);
#1711=ORIENTED_EDGE('',*,*,#1172,.F.);
#1712=ORIENTED_EDGE('',*,*,#1188,.T.);
#1713=ORIENTED_EDGE('',*,*,#1184,.F.);
#1714=ORIENTED_EDGE('',*,*,#1181,.T.);
#1715=ORIENTED_EDGE('',*,*,#1178,.F.);
#1716=ORIENTED_EDGE('',*,*,#1169,.T.);
#1717=ORIENTED_EDGE('',*,*,#1165,.F.);
#1718=ORIENTED_EDGE('',*,*,#1285,.F.);
#1719=ORIENTED_EDGE('',*,*,#1305,.F.);
#1720=ORIENTED_EDGE('',*,*,#1306,.T.);
#1721=ORIENTED_EDGE('',*,*,#1307,.F.);
#1722=ORIENTED_EDGE('',*,*,#1303,.T.);
#1723=ORIENTED_EDGE('',*,*,#1284,.F.);
#1724=ORIENTED_EDGE('',*,*,#1308,.F.);
#1725=ORIENTED_EDGE('',*,*,#1309,.F.);
#1726=ORIENTED_EDGE('',*,*,#1306,.F.);
#1727=ORIENTED_EDGE('',*,*,#1305,.T.);
#1728=ORIENTED_EDGE('',*,*,#1281,.F.);
#1729=ORIENTED_EDGE('',*,*,#1310,.F.);
#1730=ORIENTED_EDGE('',*,*,#1311,.F.);
#1731=ORIENTED_EDGE('',*,*,#1308,.T.);
#1732=ORIENTED_EDGE('',*,*,#1278,.F.);
#1733=ORIENTED_EDGE('',*,*,#1312,.F.);
#1734=ORIENTED_EDGE('',*,*,#1313,.F.);
#1735=ORIENTED_EDGE('',*,*,#1310,.T.);
#1736=ORIENTED_EDGE('',*,*,#1275,.F.);
#1737=ORIENTED_EDGE('',*,*,#1314,.F.);
#1738=ORIENTED_EDGE('',*,*,#1315,.F.);
#1739=ORIENTED_EDGE('',*,*,#1312,.T.);
#1740=ORIENTED_EDGE('',*,*,#1243,.F.);
#1741=ORIENTED_EDGE('',*,*,#1316,.F.);
#1742=ORIENTED_EDGE('',*,*,#1317,.F.);
#1743=ORIENTED_EDGE('',*,*,#1314,.T.);
#1744=ORIENTED_EDGE('',*,*,#1206,.T.);
#1745=ORIENTED_EDGE('',*,*,#1210,.F.);
#1746=ORIENTED_EDGE('',*,*,#1295,.F.);
#1747=ORIENTED_EDGE('',*,*,#1232,.F.);
#1748=ORIENTED_EDGE('',*,*,#1235,.F.);
#1749=ORIENTED_EDGE('',*,*,#1238,.F.);
#1750=ORIENTED_EDGE('',*,*,#1241,.F.);
#1751=ORIENTED_EDGE('',*,*,#1251,.F.);
#1752=ORIENTED_EDGE('',*,*,#1255,.F.);
#1753=ORIENTED_EDGE('',*,*,#1257,.F.);
#1754=ORIENTED_EDGE('',*,*,#1261,.F.);
#1755=ORIENTED_EDGE('',*,*,#1263,.F.);
#1756=ORIENTED_EDGE('',*,*,#1267,.F.);
#1757=ORIENTED_EDGE('',*,*,#1269,.F.);
#1758=ORIENTED_EDGE('',*,*,#1271,.F.);
#1759=ORIENTED_EDGE('',*,*,#1247,.F.);
#1760=ORIENTED_EDGE('',*,*,#1245,.F.);
#1761=ORIENTED_EDGE('',*,*,#1274,.F.);
#1762=ORIENTED_EDGE('',*,*,#1277,.F.);
#1763=ORIENTED_EDGE('',*,*,#1280,.F.);
#1764=ORIENTED_EDGE('',*,*,#1283,.F.);
#1765=ORIENTED_EDGE('',*,*,#1287,.F.);
#1766=ORIENTED_EDGE('',*,*,#1289,.F.);
#1767=ORIENTED_EDGE('',*,*,#1292,.F.);
#1768=ORIENTED_EDGE('',*,*,#1294,.F.);
#1769=ORIENTED_EDGE('',*,*,#1201,.T.);
#1770=ORIENTED_EDGE('',*,*,#1318,.T.);
#1771=ORIENTED_EDGE('',*,*,#1319,.T.);
#1772=ORIENTED_EDGE('',*,*,#1320,.T.);
#1773=ORIENTED_EDGE('',*,*,#1321,.T.);
#1774=ORIENTED_EDGE('',*,*,#1322,.T.);
#1775=ORIENTED_EDGE('',*,*,#1323,.T.);
#1776=ORIENTED_EDGE('',*,*,#1324,.T.);
#1777=ORIENTED_EDGE('',*,*,#1325,.T.);
#1778=ORIENTED_EDGE('',*,*,#1326,.T.);
#1779=ORIENTED_EDGE('',*,*,#1327,.T.);
#1780=ORIENTED_EDGE('',*,*,#1328,.T.);
#1781=ORIENTED_EDGE('',*,*,#1329,.T.);
#1782=ORIENTED_EDGE('',*,*,#1330,.T.);
#1783=ORIENTED_EDGE('',*,*,#1331,.T.);
#1784=ORIENTED_EDGE('',*,*,#1332,.T.);
#1785=ORIENTED_EDGE('',*,*,#1333,.T.);
#1786=ORIENTED_EDGE('',*,*,#1334,.T.);
#1787=ORIENTED_EDGE('',*,*,#1335,.T.);
#1788=ORIENTED_EDGE('',*,*,#1336,.T.);
#1789=ORIENTED_EDGE('',*,*,#1337,.T.);
#1790=ORIENTED_EDGE('',*,*,#1338,.T.);
#1791=ORIENTED_EDGE('',*,*,#1339,.T.);
#1792=ORIENTED_EDGE('',*,*,#1340,.T.);
#1793=ORIENTED_EDGE('',*,*,#1341,.T.);
#1794=ORIENTED_EDGE('',*,*,#1342,.T.);
#1795=ORIENTED_EDGE('',*,*,#1300,.T.);
#1796=ORIENTED_EDGE('',*,*,#1343,.T.);
#1797=ORIENTED_EDGE('',*,*,#1344,.T.);
#1798=ORIENTED_EDGE('',*,*,#1345,.T.);
#1799=ORIENTED_EDGE('',*,*,#1346,.T.);
#1800=ORIENTED_EDGE('',*,*,#1347,.T.);
#1801=ORIENTED_EDGE('',*,*,#1348,.T.);
#1802=ORIENTED_EDGE('',*,*,#1349,.T.);
#1803=ORIENTED_EDGE('',*,*,#1350,.T.);
#1804=ORIENTED_EDGE('',*,*,#1351,.T.);
#1805=ORIENTED_EDGE('',*,*,#1347,.F.);
#1806=ORIENTED_EDGE('',*,*,#1352,.T.);
#1807=ORIENTED_EDGE('',*,*,#1353,.T.);
#1808=ORIENTED_EDGE('',*,*,#1354,.T.);
#1809=ORIENTED_EDGE('',*,*,#1350,.F.);
#1810=ORIENTED_EDGE('',*,*,#1355,.T.);
#1811=ORIENTED_EDGE('',*,*,#1356,.T.);
#1812=ORIENTED_EDGE('',*,*,#1357,.T.);
#1813=ORIENTED_EDGE('',*,*,#1353,.F.);
#1814=ORIENTED_EDGE('',*,*,#1358,.T.);
#1815=ORIENTED_EDGE('',*,*,#1359,.T.);
#1816=ORIENTED_EDGE('',*,*,#1360,.T.);
#1817=ORIENTED_EDGE('',*,*,#1356,.F.);
#1818=ORIENTED_EDGE('',*,*,#1361,.T.);
#1819=ORIENTED_EDGE('',*,*,#1362,.T.);
#1820=ORIENTED_EDGE('',*,*,#1363,.T.);
#1821=ORIENTED_EDGE('',*,*,#1359,.F.);
#1822=ORIENTED_EDGE('',*,*,#1364,.T.);
#1823=ORIENTED_EDGE('',*,*,#1365,.T.);
#1824=ORIENTED_EDGE('',*,*,#1366,.T.);
#1825=ORIENTED_EDGE('',*,*,#1362,.F.);
#1826=ORIENTED_EDGE('',*,*,#1367,.T.);
#1827=ORIENTED_EDGE('',*,*,#1368,.T.);
#1828=ORIENTED_EDGE('',*,*,#1349,.F.);
#1829=ORIENTED_EDGE('',*,*,#1369,.T.);
#1830=ORIENTED_EDGE('',*,*,#1370,.T.);
#1831=ORIENTED_EDGE('',*,*,#1365,.F.);
#1832=ORIENTED_EDGE('',*,*,#1371,.T.);
#1833=ORIENTED_EDGE('',*,*,#1372,.T.);
#1834=ORIENTED_EDGE('',*,*,#1373,.T.);
#1835=ORIENTED_EDGE('',*,*,#1374,.T.);
#1836=ORIENTED_EDGE('',*,*,#1375,.T.);
#1837=ORIENTED_EDGE('',*,*,#1372,.F.);
#1838=ORIENTED_EDGE('',*,*,#1376,.T.);
#1839=ORIENTED_EDGE('',*,*,#1377,.T.);
#1840=ORIENTED_EDGE('',*,*,#1378,.T.);
#1841=ORIENTED_EDGE('',*,*,#1374,.F.);
#1842=ORIENTED_EDGE('',*,*,#1379,.T.);
#1843=ORIENTED_EDGE('',*,*,#1380,.T.);
#1844=ORIENTED_EDGE('',*,*,#1381,.T.);
#1845=ORIENTED_EDGE('',*,*,#1377,.F.);
#1846=ORIENTED_EDGE('',*,*,#1382,.T.);
#1847=ORIENTED_EDGE('',*,*,#1383,.T.);
#1848=ORIENTED_EDGE('',*,*,#1380,.F.);
#1849=ORIENTED_EDGE('',*,*,#1298,.T.);
#1850=ORIENTED_EDGE('',*,*,#1345,.F.);
#1851=ORIENTED_EDGE('',*,*,#1384,.T.);
#1852=ORIENTED_EDGE('',*,*,#1385,.T.);
#1853=ORIENTED_EDGE('',*,*,#1343,.F.);
#1854=ORIENTED_EDGE('',*,*,#1213,.T.);
#1855=ORIENTED_EDGE('',*,*,#1386,.T.);
#1856=ORIENTED_EDGE('',*,*,#1387,.T.);
#1857=ORIENTED_EDGE('',*,*,#1384,.F.);
#1858=ORIENTED_EDGE('',*,*,#1217,.T.);
#1859=ORIENTED_EDGE('',*,*,#1388,.T.);
#1860=ORIENTED_EDGE('',*,*,#1389,.T.);
#1861=ORIENTED_EDGE('',*,*,#1386,.F.);
#1862=ORIENTED_EDGE('',*,*,#1302,.T.);
#1863=ORIENTED_EDGE('',*,*,#1390,.T.);
#1864=ORIENTED_EDGE('',*,*,#1391,.T.);
#1865=ORIENTED_EDGE('',*,*,#1388,.F.);
#1866=ORIENTED_EDGE('',*,*,#1304,.T.);
#1867=ORIENTED_EDGE('',*,*,#1392,.T.);
#1868=ORIENTED_EDGE('',*,*,#1393,.T.);
#1869=ORIENTED_EDGE('',*,*,#1390,.F.);
#1870=ORIENTED_EDGE('',*,*,#1307,.T.);
#1871=ORIENTED_EDGE('',*,*,#1394,.T.);
#1872=ORIENTED_EDGE('',*,*,#1395,.T.);
#1873=ORIENTED_EDGE('',*,*,#1392,.F.);
#1874=ORIENTED_EDGE('',*,*,#1309,.T.);
#1875=ORIENTED_EDGE('',*,*,#1396,.T.);
#1876=ORIENTED_EDGE('',*,*,#1397,.T.);
#1877=ORIENTED_EDGE('',*,*,#1394,.F.);
#1878=ORIENTED_EDGE('',*,*,#1311,.T.);
#1879=ORIENTED_EDGE('',*,*,#1398,.T.);
#1880=ORIENTED_EDGE('',*,*,#1399,.T.);
#1881=ORIENTED_EDGE('',*,*,#1396,.F.);
#1882=ORIENTED_EDGE('',*,*,#1313,.T.);
#1883=ORIENTED_EDGE('',*,*,#1400,.T.);
#1884=ORIENTED_EDGE('',*,*,#1401,.T.);
#1885=ORIENTED_EDGE('',*,*,#1398,.F.);
#1886=ORIENTED_EDGE('',*,*,#1315,.T.);
#1887=ORIENTED_EDGE('',*,*,#1402,.T.);
#1888=ORIENTED_EDGE('',*,*,#1400,.F.);
#1889=ORIENTED_EDGE('',*,*,#1317,.T.);
#1890=ORIENTED_EDGE('',*,*,#1370,.F.);
#1891=ORIENTED_EDGE('',*,*,#1236,.F.);
#1892=ORIENTED_EDGE('',*,*,#1299,.F.);
#1893=ORIENTED_EDGE('',*,*,#1382,.F.);
#1894=ORIENTED_EDGE('',*,*,#1403,.T.);
#1895=ORIENTED_EDGE('',*,*,#1239,.F.);
#1896=ORIENTED_EDGE('',*,*,#1403,.F.);
#1897=ORIENTED_EDGE('',*,*,#1379,.F.);
#1898=ORIENTED_EDGE('',*,*,#1404,.T.);
#1899=ORIENTED_EDGE('',*,*,#1242,.F.);
#1900=ORIENTED_EDGE('',*,*,#1404,.F.);
#1901=ORIENTED_EDGE('',*,*,#1376,.F.);
#1902=ORIENTED_EDGE('',*,*,#1405,.T.);
#1903=ORIENTED_EDGE('',*,*,#1252,.F.);
#1904=ORIENTED_EDGE('',*,*,#1405,.F.);
#1905=ORIENTED_EDGE('',*,*,#1371,.F.);
#1906=ORIENTED_EDGE('',*,*,#1406,.T.);
#1907=ORIENTED_EDGE('',*,*,#1253,.F.);
#1908=ORIENTED_EDGE('',*,*,#1406,.F.);
#1909=ORIENTED_EDGE('',*,*,#1367,.F.);
#1910=ORIENTED_EDGE('',*,*,#1407,.T.);
#1911=ORIENTED_EDGE('',*,*,#1258,.F.);
#1912=ORIENTED_EDGE('',*,*,#1407,.F.);
#1913=ORIENTED_EDGE('',*,*,#1364,.F.);
#1914=ORIENTED_EDGE('',*,*,#1408,.F.);
#1915=ORIENTED_EDGE('',*,*,#1409,.T.);
#1916=ORIENTED_EDGE('',*,*,#1259,.F.);
#1917=ORIENTED_EDGE('',*,*,#1409,.F.);
#1918=ORIENTED_EDGE('',*,*,#1408,.T.);
#1919=ORIENTED_EDGE('',*,*,#1361,.F.);
#1920=ORIENTED_EDGE('',*,*,#1410,.F.);
#1921=ORIENTED_EDGE('',*,*,#1264,.F.);
#1922=ORIENTED_EDGE('',*,*,#1410,.T.);
#1923=ORIENTED_EDGE('',*,*,#1358,.F.);
#1924=ORIENTED_EDGE('',*,*,#1411,.F.);
#1925=ORIENTED_EDGE('',*,*,#1412,.T.);
#1926=ORIENTED_EDGE('',*,*,#1265,.F.);
#1927=ORIENTED_EDGE('',*,*,#1412,.F.);
#1928=ORIENTED_EDGE('',*,*,#1411,.T.);
#1929=ORIENTED_EDGE('',*,*,#1355,.F.);
#1930=ORIENTED_EDGE('',*,*,#1413,.T.);
#1931=ORIENTED_EDGE('',*,*,#1270,.F.);
#1932=ORIENTED_EDGE('',*,*,#1413,.F.);
#1933=ORIENTED_EDGE('',*,*,#1352,.F.);
#1934=ORIENTED_EDGE('',*,*,#1414,.T.);
#1935=ORIENTED_EDGE('',*,*,#1272,.F.);
#1936=ORIENTED_EDGE('',*,*,#1414,.F.);
#1937=ORIENTED_EDGE('',*,*,#1346,.F.);
#1938=ORIENTED_EDGE('',*,*,#1415,.T.);
#1939=ORIENTED_EDGE('',*,*,#1348,.F.);
#1940=ORIENTED_EDGE('',*,*,#1351,.F.);
#1941=ORIENTED_EDGE('',*,*,#1354,.F.);
#1942=ORIENTED_EDGE('',*,*,#1357,.F.);
#1943=ORIENTED_EDGE('',*,*,#1360,.F.);
#1944=ORIENTED_EDGE('',*,*,#1363,.F.);
#1945=ORIENTED_EDGE('',*,*,#1366,.F.);
#1946=ORIENTED_EDGE('',*,*,#1373,.F.);
#1947=ORIENTED_EDGE('',*,*,#1375,.F.);
#1948=ORIENTED_EDGE('',*,*,#1378,.F.);
#1949=ORIENTED_EDGE('',*,*,#1381,.F.);
#1950=ORIENTED_EDGE('',*,*,#1383,.F.);
#1951=ORIENTED_EDGE('',*,*,#1344,.F.);
#1952=ORIENTED_EDGE('',*,*,#1385,.F.);
#1953=ORIENTED_EDGE('',*,*,#1387,.F.);
#1954=ORIENTED_EDGE('',*,*,#1389,.F.);
#1955=ORIENTED_EDGE('',*,*,#1391,.F.);
#1956=ORIENTED_EDGE('',*,*,#1393,.F.);
#1957=ORIENTED_EDGE('',*,*,#1395,.F.);
#1958=ORIENTED_EDGE('',*,*,#1397,.F.);
#1959=ORIENTED_EDGE('',*,*,#1399,.F.);
#1960=ORIENTED_EDGE('',*,*,#1401,.F.);
#1961=ORIENTED_EDGE('',*,*,#1402,.F.);
#1962=ORIENTED_EDGE('',*,*,#1369,.F.);
#1963=ORIENTED_EDGE('',*,*,#1416,.F.);
#1964=ORIENTED_EDGE('',*,*,#1417,.T.);
#1965=ORIENTED_EDGE('',*,*,#1330,.F.);
#1966=ORIENTED_EDGE('',*,*,#1418,.F.);
#1967=ORIENTED_EDGE('',*,*,#1419,.F.);
#1968=ORIENTED_EDGE('',*,*,#1418,.T.);
#1969=ORIENTED_EDGE('',*,*,#1329,.F.);
#1970=ORIENTED_EDGE('',*,*,#1420,.F.);
#1971=ORIENTED_EDGE('',*,*,#1421,.F.);
#1972=ORIENTED_EDGE('',*,*,#1420,.T.);
#1973=ORIENTED_EDGE('',*,*,#1328,.F.);
#1974=ORIENTED_EDGE('',*,*,#1422,.F.);
#1975=ORIENTED_EDGE('',*,*,#1423,.F.);
#1976=ORIENTED_EDGE('',*,*,#1422,.T.);
#1977=ORIENTED_EDGE('',*,*,#1327,.F.);
#1978=ORIENTED_EDGE('',*,*,#1424,.F.);
#1979=ORIENTED_EDGE('',*,*,#1425,.F.);
#1980=ORIENTED_EDGE('',*,*,#1424,.T.);
#1981=ORIENTED_EDGE('',*,*,#1326,.F.);
#1982=ORIENTED_EDGE('',*,*,#1426,.F.);
#1983=ORIENTED_EDGE('',*,*,#1427,.F.);
#1984=ORIENTED_EDGE('',*,*,#1426,.T.);
#1985=ORIENTED_EDGE('',*,*,#1325,.F.);
#1986=ORIENTED_EDGE('',*,*,#1428,.F.);
#1987=ORIENTED_EDGE('',*,*,#1429,.F.);
#1988=ORIENTED_EDGE('',*,*,#1428,.T.);
#1989=ORIENTED_EDGE('',*,*,#1324,.F.);
#1990=ORIENTED_EDGE('',*,*,#1430,.F.);
#1991=ORIENTED_EDGE('',*,*,#1431,.F.);
#1992=ORIENTED_EDGE('',*,*,#1430,.T.);
#1993=ORIENTED_EDGE('',*,*,#1323,.F.);
#1994=ORIENTED_EDGE('',*,*,#1432,.F.);
#1995=ORIENTED_EDGE('',*,*,#1433,.F.);
#1996=ORIENTED_EDGE('',*,*,#1432,.T.);
#1997=ORIENTED_EDGE('',*,*,#1322,.F.);
#1998=ORIENTED_EDGE('',*,*,#1434,.F.);
#1999=ORIENTED_EDGE('',*,*,#1435,.F.);
#2000=ORIENTED_EDGE('',*,*,#1434,.T.);
#2001=ORIENTED_EDGE('',*,*,#1321,.F.);
#2002=ORIENTED_EDGE('',*,*,#1436,.F.);
#2003=ORIENTED_EDGE('',*,*,#1437,.F.);
#2004=ORIENTED_EDGE('',*,*,#1436,.T.);
#2005=ORIENTED_EDGE('',*,*,#1320,.F.);
#2006=ORIENTED_EDGE('',*,*,#1438,.F.);
#2007=ORIENTED_EDGE('',*,*,#1176,.T.);
#2008=ORIENTED_EDGE('',*,*,#1167,.F.);
#2009=ORIENTED_EDGE('',*,*,#1171,.T.);
#2010=ORIENTED_EDGE('',*,*,#1180,.F.);
#2011=ORIENTED_EDGE('',*,*,#1183,.T.);
#2012=ORIENTED_EDGE('',*,*,#1186,.F.);
#2013=ORIENTED_EDGE('',*,*,#1187,.T.);
#2014=ORIENTED_EDGE('',*,*,#1174,.F.);
#2015=ORIENTED_EDGE('',*,*,#1439,.F.);
#2016=ORIENTED_EDGE('',*,*,#1438,.T.);
#2017=ORIENTED_EDGE('',*,*,#1319,.F.);
#2018=ORIENTED_EDGE('',*,*,#1440,.F.);
#2019=ORIENTED_EDGE('',*,*,#1207,.T.);
#2020=ORIENTED_EDGE('',*,*,#1342,.F.);
#2021=ORIENTED_EDGE('',*,*,#1441,.F.);
#2022=ORIENTED_EDGE('',*,*,#1442,.F.);
#2023=ORIENTED_EDGE('',*,*,#1440,.T.);
#2024=ORIENTED_EDGE('',*,*,#1318,.F.);
#2025=ORIENTED_EDGE('',*,*,#1200,.T.);
#2026=ORIENTED_EDGE('',*,*,#1197,.F.);
#2027=ORIENTED_EDGE('',*,*,#1194,.T.);
#2028=ORIENTED_EDGE('',*,*,#1191,.F.);
#2029=ORIENTED_EDGE('',*,*,#1443,.F.);
#2030=ORIENTED_EDGE('',*,*,#1441,.T.);
#2031=ORIENTED_EDGE('',*,*,#1341,.F.);
#2032=ORIENTED_EDGE('',*,*,#1444,.F.);
#2033=ORIENTED_EDGE('',*,*,#1445,.F.);
#2034=ORIENTED_EDGE('',*,*,#1444,.T.);
#2035=ORIENTED_EDGE('',*,*,#1340,.F.);
#2036=ORIENTED_EDGE('',*,*,#1446,.F.);
#2037=ORIENTED_EDGE('',*,*,#1447,.F.);
#2038=ORIENTED_EDGE('',*,*,#1446,.T.);
#2039=ORIENTED_EDGE('',*,*,#1339,.F.);
#2040=ORIENTED_EDGE('',*,*,#1448,.F.);
#2041=ORIENTED_EDGE('',*,*,#1449,.F.);
#2042=ORIENTED_EDGE('',*,*,#1448,.T.);
#2043=ORIENTED_EDGE('',*,*,#1338,.F.);
#2044=ORIENTED_EDGE('',*,*,#1450,.F.);
#2045=ORIENTED_EDGE('',*,*,#1451,.F.);
#2046=ORIENTED_EDGE('',*,*,#1450,.T.);
#2047=ORIENTED_EDGE('',*,*,#1337,.F.);
#2048=ORIENTED_EDGE('',*,*,#1452,.F.);
#2049=ORIENTED_EDGE('',*,*,#1453,.F.);
#2050=ORIENTED_EDGE('',*,*,#1452,.T.);
#2051=ORIENTED_EDGE('',*,*,#1336,.F.);
#2052=ORIENTED_EDGE('',*,*,#1454,.F.);
#2053=ORIENTED_EDGE('',*,*,#1455,.F.);
#2054=ORIENTED_EDGE('',*,*,#1454,.T.);
#2055=ORIENTED_EDGE('',*,*,#1335,.F.);
#2056=ORIENTED_EDGE('',*,*,#1456,.F.);
#2057=ORIENTED_EDGE('',*,*,#1457,.F.);
#2058=ORIENTED_EDGE('',*,*,#1456,.T.);
#2059=ORIENTED_EDGE('',*,*,#1334,.F.);
#2060=ORIENTED_EDGE('',*,*,#1458,.F.);
#2061=ORIENTED_EDGE('',*,*,#1459,.F.);
#2062=ORIENTED_EDGE('',*,*,#1458,.T.);
#2063=ORIENTED_EDGE('',*,*,#1333,.F.);
#2064=ORIENTED_EDGE('',*,*,#1460,.F.);
#2065=ORIENTED_EDGE('',*,*,#1461,.F.);
#2066=ORIENTED_EDGE('',*,*,#1460,.T.);
#2067=ORIENTED_EDGE('',*,*,#1332,.F.);
#2068=ORIENTED_EDGE('',*,*,#1462,.F.);
#2069=ORIENTED_EDGE('',*,*,#1463,.F.);
#2070=ORIENTED_EDGE('',*,*,#1462,.T.);
#2071=ORIENTED_EDGE('',*,*,#1331,.F.);
#2072=ORIENTED_EDGE('',*,*,#1417,.F.);
#2073=ORIENTED_EDGE('',*,*,#1464,.F.);
#2074=ORIENTED_EDGE('',*,*,#1465,.T.);
#2075=ORIENTED_EDGE('',*,*,#1466,.F.);
#2076=ORIENTED_EDGE('',*,*,#1465,.F.);
#2077=ORIENTED_EDGE('',*,*,#1464,.T.);
#2078=ORIENTED_EDGE('',*,*,#1227,.T.);
#2079=ORIENTED_EDGE('',*,*,#1467,.F.);
#2080=ORIENTED_EDGE('',*,*,#1468,.T.);
#2081=ORIENTED_EDGE('',*,*,#1469,.F.);
#2082=ORIENTED_EDGE('',*,*,#1468,.F.);
#2083=ORIENTED_EDGE('',*,*,#1467,.T.);
#2084=ORIENTED_EDGE('',*,*,#1221,.T.);
#2085=ORIENTED_EDGE('',*,*,#1470,.F.);
#2086=ORIENTED_EDGE('',*,*,#1471,.T.);
#2087=ORIENTED_EDGE('',*,*,#1472,.F.);
#2088=ORIENTED_EDGE('',*,*,#1471,.F.);
#2089=ORIENTED_EDGE('',*,*,#1470,.T.);
#2090=ORIENTED_EDGE('',*,*,#1218,.T.);
#2091=ORIENTED_EDGE('',*,*,#1473,.F.);
#2092=ORIENTED_EDGE('',*,*,#1474,.T.);
#2093=ORIENTED_EDGE('',*,*,#1475,.F.);
#2094=ORIENTED_EDGE('',*,*,#1474,.F.);
#2095=ORIENTED_EDGE('',*,*,#1473,.T.);
#2096=ORIENTED_EDGE('',*,*,#1224,.T.);
#2097=ORIENTED_EDGE('',*,*,#1249,.F.);
#2098=ORIENTED_EDGE('',*,*,#1415,.F.);
#2099=ORIENTED_EDGE('',*,*,#1368,.F.);
#2100=ORIENTED_EDGE('',*,*,#1316,.T.);
#2101=ORIENTED_EDGE('',*,*,#1416,.T.);
#2102=ORIENTED_EDGE('',*,*,#1419,.T.);
#2103=ORIENTED_EDGE('',*,*,#1421,.T.);
#2104=ORIENTED_EDGE('',*,*,#1423,.T.);
#2105=ORIENTED_EDGE('',*,*,#1425,.T.);
#2106=ORIENTED_EDGE('',*,*,#1427,.T.);
#2107=ORIENTED_EDGE('',*,*,#1429,.T.);
#2108=ORIENTED_EDGE('',*,*,#1431,.T.);
#2109=ORIENTED_EDGE('',*,*,#1433,.T.);
#2110=ORIENTED_EDGE('',*,*,#1435,.T.);
#2111=ORIENTED_EDGE('',*,*,#1437,.T.);
#2112=ORIENTED_EDGE('',*,*,#1439,.T.);
#2113=ORIENTED_EDGE('',*,*,#1442,.T.);
#2114=ORIENTED_EDGE('',*,*,#1443,.T.);
#2115=ORIENTED_EDGE('',*,*,#1445,.T.);
#2116=ORIENTED_EDGE('',*,*,#1447,.T.);
#2117=ORIENTED_EDGE('',*,*,#1449,.T.);
#2118=ORIENTED_EDGE('',*,*,#1451,.T.);
#2119=ORIENTED_EDGE('',*,*,#1453,.T.);
#2120=ORIENTED_EDGE('',*,*,#1455,.T.);
#2121=ORIENTED_EDGE('',*,*,#1457,.T.);
#2122=ORIENTED_EDGE('',*,*,#1459,.T.);
#2123=ORIENTED_EDGE('',*,*,#1461,.T.);
#2124=ORIENTED_EDGE('',*,*,#1463,.T.);
#2125=ORIENTED_EDGE('',*,*,#1475,.T.);
#2126=ORIENTED_EDGE('',*,*,#1472,.T.);
#2127=ORIENTED_EDGE('',*,*,#1469,.T.);
#2128=ORIENTED_EDGE('',*,*,#1466,.T.);
#2129=ORIENTED_EDGE('',*,*,#1153,.T.);
#2130=ORIENTED_EDGE('',*,*,#1163,.T.);
#2131=ORIENTED_EDGE('',*,*,#1160,.T.);
#2132=ORIENTED_EDGE('',*,*,#1157,.T.);
#2133=ORIENTED_EDGE('',*,*,#1150,.T.);
#2134=CYLINDRICAL_SURFACE('',#2335,22.9);
#2135=CYLINDRICAL_SURFACE('',#2338,28.1);
#2136=CYLINDRICAL_SURFACE('',#2348,0.5);
#2137=CYLINDRICAL_SURFACE('',#2352,0.5);
#2138=CYLINDRICAL_SURFACE('',#2356,0.5);
#2139=CYLINDRICAL_SURFACE('',#2360,0.5);
#2140=CYLINDRICAL_SURFACE('',#2364,2.);
#2141=CYLINDRICAL_SURFACE('',#2368,2.);
#2142=CYLINDRICAL_SURFACE('',#2378,5.90021929294257);
#2143=CYLINDRICAL_SURFACE('',#2381,2.);
#2144=CYLINDRICAL_SURFACE('',#2385,2.);
#2145=CYLINDRICAL_SURFACE('',#2389,2.);
#2146=CYLINDRICAL_SURFACE('',#2393,2.);
#2147=CYLINDRICAL_SURFACE('',#2397,0.5);
#2148=CYLINDRICAL_SURFACE('',#2404,0.5);
#2149=CYLINDRICAL_SURFACE('',#2410,0.5);
#2150=CYLINDRICAL_SURFACE('',#2413,0.5);
#2151=CYLINDRICAL_SURFACE('',#2415,0.5);
#2152=CYLINDRICAL_SURFACE('',#2416,0.5);
#2153=CYLINDRICAL_SURFACE('',#2422,0.5);
#2154=CYLINDRICAL_SURFACE('',#2428,0.5);
#2155=CYLINDRICAL_SURFACE('',#2434,0.5);
#2156=CYLINDRICAL_SURFACE('',#2439,0.5);
#2157=CYLINDRICAL_SURFACE('',#2445,0.5);
#2158=CYLINDRICAL_SURFACE('',#2451,0.5);
#2159=CYLINDRICAL_SURFACE('',#2457,0.5);
#2160=CYLINDRICAL_SURFACE('',#2458,0.5);
#2161=CYLINDRICAL_SURFACE('',#2461,5.90000144944027);
#2162=CYLINDRICAL_SURFACE('',#2464,5.89999659855377);
#2163=CYLINDRICAL_SURFACE('',#2467,5.90012924034477);
#2164=CYLINDRICAL_SURFACE('',#2470,5.90051331080252);
#2165=CYLINDRICAL_SURFACE('',#2523,5.89940192475527);
#2166=CYLINDRICAL_SURFACE('',#2525,5.89944534083855);
#2167=CYLINDRICAL_SURFACE('',#2528,5.89999657542548);
#2168=CYLINDRICAL_SURFACE('',#2530,5.89999983945813);
#2169=CYLINDRICAL_SURFACE('',#2532,5.89998574580304);
#2170=CYLINDRICAL_SURFACE('',#2536,2.89998574580304);
#2171=CYLINDRICAL_SURFACE('',#2541,2.90051331080252);
#2172=CYLINDRICAL_SURFACE('',#2544,2.90012924034477);
#2173=CYLINDRICAL_SURFACE('',#2547,2.89999659850359);
#2174=CYLINDRICAL_SURFACE('',#2550,2.90000144944028);
#2175=CYLINDRICAL_SURFACE('',#2553,2.90021929294629);
#2176=CYLINDRICAL_SURFACE('',#2557,2.89940192475527);
#2177=CYLINDRICAL_SURFACE('',#2560,2.89944534083855);
#2178=CYLINDRICAL_SURFACE('',#2564,2.8999965754249);
#2179=CYLINDRICAL_SURFACE('',#2567,2.89999983945813);
#2180=CYLINDRICAL_SURFACE('',#2569,3.6);
#2181=CYLINDRICAL_SURFACE('',#2573,3.6);
#2182=CYLINDRICAL_SURFACE('',#2577,3.6);
#2183=CYLINDRICAL_SURFACE('',#2581,3.6);
#2184=ADVANCED_FACE('',(#126),#2134,.T.);
#2185=ADVANCED_FACE('',(#127),#2135,.F.);
#2186=ADVANCED_FACE('',(#128,#46),#59,.T.);
#2187=ADVANCED_FACE('',(#129),#60,.F.);
#2188=ADVANCED_FACE('',(#130),#61,.F.);
#2189=ADVANCED_FACE('',(#131),#62,.F.);
#2190=ADVANCED_FACE('',(#132),#63,.F.);
#2191=ADVANCED_FACE('',(#133),#64,.F.);
#2192=ADVANCED_FACE('',(#134),#65,.T.);
#2193=ADVANCED_FACE('',(#135),#2136,.F.);
#2194=ADVANCED_FACE('',(#136),#66,.F.);
#2195=ADVANCED_FACE('',(#137),#2137,.F.);
#2196=ADVANCED_FACE('',(#138),#67,.F.);
#2197=ADVANCED_FACE('',(#139),#2138,.F.);
#2198=ADVANCED_FACE('',(#140),#68,.F.);
#2199=ADVANCED_FACE('',(#141),#2139,.F.);
#2200=ADVANCED_FACE('',(#142),#69,.F.);
#2201=ADVANCED_FACE('',(#143),#2140,.F.);
#2202=ADVANCED_FACE('',(#144),#70,.F.);
#2203=ADVANCED_FACE('',(#145),#2141,.F.);
#2204=ADVANCED_FACE('',(#146),#71,.F.);
#2205=ADVANCED_FACE('',(#147),#72,.F.);
#2206=ADVANCED_FACE('',(#148),#25,.T.);
#2207=ADVANCED_FACE('',(#149),#2142,.T.);
#2208=ADVANCED_FACE('',(#150),#73,.T.);
#2209=ADVANCED_FACE('',(#151),#2143,.F.);
#2210=ADVANCED_FACE('',(#152),#74,.F.);
#2211=ADVANCED_FACE('',(#153),#2144,.F.);
#2212=ADVANCED_FACE('',(#154),#75,.F.);
#2213=ADVANCED_FACE('',(#155),#2145,.F.);
#2214=ADVANCED_FACE('',(#156),#76,.F.);
#2215=ADVANCED_FACE('',(#157),#2146,.F.);
#2216=ADVANCED_FACE('',(#158),#77,.F.);
#2217=ADVANCED_FACE('',(#159),#2147,.T.);
#2218=ADVANCED_FACE('',(#160),#26,.T.);
#2219=ADVANCED_FACE('',(#161),#2148,.T.);
#2220=ADVANCED_FACE('',(#162),#27,.T.);
#2221=ADVANCED_FACE('',(#163),#2149,.T.);
#2222=ADVANCED_FACE('',(#164),#2150,.T.);
#2223=ADVANCED_FACE('',(#165),#2151,.T.);
#2224=ADVANCED_FACE('',(#166),#2152,.T.);
#2225=ADVANCED_FACE('',(#167),#28,.T.);
#2226=ADVANCED_FACE('',(#168),#2153,.T.);
#2227=ADVANCED_FACE('',(#169),#29,.T.);
#2228=ADVANCED_FACE('',(#170),#2154,.T.);
#2229=ADVANCED_FACE('',(#171),#30,.T.);
#2230=ADVANCED_FACE('',(#172),#2155,.T.);
#2231=ADVANCED_FACE('',(#173),#31,.T.);
#2232=ADVANCED_FACE('',(#174),#2156,.T.);
#2233=ADVANCED_FACE('',(#175),#32,.T.);
#2234=ADVANCED_FACE('',(#176),#2157,.T.);
#2235=ADVANCED_FACE('',(#177),#33,.T.);
#2236=ADVANCED_FACE('',(#178),#2158,.T.);
#2237=ADVANCED_FACE('',(#179),#34,.T.);
#2238=ADVANCED_FACE('',(#180),#2159,.T.);
#2239=ADVANCED_FACE('',(#181),#2160,.T.);
#2240=ADVANCED_FACE('',(#182),#78,.T.);
#2241=ADVANCED_FACE('',(#183),#79,.T.);
#2242=ADVANCED_FACE('',(#184),#2161,.T.);
#2243=ADVANCED_FACE('',(#185,#47),#80,.T.);
#2244=ADVANCED_FACE('',(#186),#2162,.T.);
#2245=ADVANCED_FACE('',(#187),#81,.T.);
#2246=ADVANCED_FACE('',(#188),#2163,.T.);
#2247=ADVANCED_FACE('',(#189),#82,.T.);
#2248=ADVANCED_FACE('',(#190),#2164,.T.);
#2249=ADVANCED_FACE('',(#191),#83,.T.);
#2250=ADVANCED_FACE('',(#192),#84,.T.);
#2251=ADVANCED_FACE('',(#193),#85,.T.);
#2252=ADVANCED_FACE('',(#194),#86,.T.);
#2253=ADVANCED_FACE('',(#195),#15,.T.);
#2254=ADVANCED_FACE('',(#196),#87,.T.);
#2255=ADVANCED_FACE('',(#197),#16,.T.);
#2256=ADVANCED_FACE('',(#198),#88,.T.);
#2257=ADVANCED_FACE('',(#199),#17,.T.);
#2258=ADVANCED_FACE('',(#200),#89,.T.);
#2259=ADVANCED_FACE('',(#201),#90,.T.);
#2260=ADVANCED_FACE('',(#202),#91,.T.);
#2261=ADVANCED_FACE('',(#203),#18,.T.);
#2262=ADVANCED_FACE('',(#204),#92,.T.);
#2263=ADVANCED_FACE('',(#205),#19,.T.);
#2264=ADVANCED_FACE('',(#206),#93,.T.);
#2265=ADVANCED_FACE('',(#207),#20,.T.);
#2266=ADVANCED_FACE('',(#208),#94,.T.);
#2267=ADVANCED_FACE('',(#209),#21,.T.);
#2268=ADVANCED_FACE('',(#210),#95,.T.);
#2269=ADVANCED_FACE('',(#211),#22,.T.);
#2270=ADVANCED_FACE('',(#212),#96,.T.);
#2271=ADVANCED_FACE('',(#213),#23,.T.);
#2272=ADVANCED_FACE('',(#214),#97,.T.);
#2273=ADVANCED_FACE('',(#215),#24,.T.);
#2274=ADVANCED_FACE('',(#216),#98,.T.);
#2275=ADVANCED_FACE('',(#217),#2165,.T.);
#2276=ADVANCED_FACE('',(#218),#99,.T.);
#2277=ADVANCED_FACE('',(#219),#2166,.T.);
#2278=ADVANCED_FACE('',(#220),#100,.T.);
#2279=ADVANCED_FACE('',(#221),#101,.T.);
#2280=ADVANCED_FACE('',(#222),#2167,.T.);
#2281=ADVANCED_FACE('',(#223),#102,.T.);
#2282=ADVANCED_FACE('',(#224),#2168,.T.);
#2283=ADVANCED_FACE('',(#225),#103,.T.);
#2284=ADVANCED_FACE('',(#226),#2169,.T.);
#2285=ADVANCED_FACE('',(#227),#104,.T.);
#2286=ADVANCED_FACE('',(#228),#105,.F.);
#2287=ADVANCED_FACE('',(#229),#106,.T.);
#2288=ADVANCED_FACE('',(#230),#2170,.F.);
#2289=ADVANCED_FACE('',(#231),#107,.T.);
#2290=ADVANCED_FACE('',(#232),#108,.T.);
#2291=ADVANCED_FACE('',(#233),#109,.T.);
#2292=ADVANCED_FACE('',(#234),#2171,.F.);
#2293=ADVANCED_FACE('',(#235),#110,.T.);
#2294=ADVANCED_FACE('',(#236),#2172,.F.);
#2295=ADVANCED_FACE('',(#237),#111,.T.);
#2296=ADVANCED_FACE('',(#238),#2173,.F.);
#2297=ADVANCED_FACE('',(#239,#48),#112,.T.);
#2298=ADVANCED_FACE('',(#240),#2174,.F.);
#2299=ADVANCED_FACE('',(#241),#113,.T.);
#2300=ADVANCED_FACE('',(#242),#2175,.F.);
#2301=ADVANCED_FACE('',(#243),#114,.T.);
#2302=ADVANCED_FACE('',(#244),#115,.T.);
#2303=ADVANCED_FACE('',(#245),#2176,.F.);
#2304=ADVANCED_FACE('',(#246),#116,.T.);
#2305=ADVANCED_FACE('',(#247),#2177,.F.);
#2306=ADVANCED_FACE('',(#248),#117,.T.);
#2307=ADVANCED_FACE('',(#249),#118,.T.);
#2308=ADVANCED_FACE('',(#250),#2178,.F.);
#2309=ADVANCED_FACE('',(#251),#119,.T.);
#2310=ADVANCED_FACE('',(#252),#2179,.F.);
#2311=ADVANCED_FACE('',(#253),#2180,.T.);
#2312=ADVANCED_FACE('',(#254,#49),#120,.T.);
#2313=ADVANCED_FACE('',(#255),#2181,.T.);
#2314=ADVANCED_FACE('',(#256,#50),#121,.T.);
#2315=ADVANCED_FACE('',(#257),#2182,.T.);
#2316=ADVANCED_FACE('',(#258,#51),#122,.T.);
#2317=ADVANCED_FACE('',(#259),#2183,.T.);
#2318=ADVANCED_FACE('',(#260,#52),#123,.T.);
#2319=ADVANCED_FACE('',(#261),#124,.T.);
#2320=ADVANCED_FACE('',(#262,#53,#54,#55,#56,#57,#58),#125,.T.);
#2321=CLOSED_SHELL('',(#2184,#2185,#2186,#2187,#2188,#2189,#2190,#2191,
#2192,#2193,#2194,#2195,#2196,#2197,#2198,#2199,#2200,#2201,#2202,#2203,
#2204,#2205,#2206,#2207,#2208,#2209,#2210,#2211,#2212,#2213,#2214,#2215,
#2216,#2217,#2218,#2219,#2220,#2221,#2222,#2223,#2224,#2225,#2226,#2227,
#2228,#2229,#2230,#2231,#2232,#2233,#2234,#2235,#2236,#2237,#2238,#2239,
#2240,#2241,#2242,#2243,#2244,#2245,#2246,#2247,#2248,#2249,#2250,#2251,
#2252,#2253,#2254,#2255,#2256,#2257,#2258,#2259,#2260,#2261,#2262,#2263,
#2264,#2265,#2266,#2267,#2268,#2269,#2270,#2271,#2272,#2273,#2274,#2275,
#2276,#2277,#2278,#2279,#2280,#2281,#2282,#2283,#2284,#2285,#2286,#2287,
#2288,#2289,#2290,#2291,#2292,#2293,#2294,#2295,#2296,#2297,#2298,#2299,
#2300,#2301,#2302,#2303,#2304,#2305,#2306,#2307,#2308,#2309,#2310,#2311,
#2312,#2313,#2314,#2315,#2316,#2317,#2318,#2319,#2320));
#2322=DERIVED_UNIT_ELEMENT(#2324,1.);
#2323=DERIVED_UNIT_ELEMENT(#4027,-3.);
#2324=(
MASS_UNIT()
NAMED_UNIT(*)
SI_UNIT(.KILO.,.GRAM.)
);
#2325=DERIVED_UNIT((#2322,#2323));
#2326=MEASURE_REPRESENTATION_ITEM('density measure',
POSITIVE_RATIO_MEASURE(7850.),#2325);
#2327=PROPERTY_DEFINITION_REPRESENTATION(#2332,#2329);
#2328=PROPERTY_DEFINITION_REPRESENTATION(#2333,#2330);
#2329=REPRESENTATION('material name',(#2331),#4024);
#2330=REPRESENTATION('density',(#2326),#4024);
#2331=DESCRIPTIVE_REPRESENTATION_ITEM('Steel','Steel');
#2332=PROPERTY_DEFINITION('material property','material name',#4034);
#2333=PROPERTY_DEFINITION('material property','density of part',#4034);
#2334=AXIS2_PLACEMENT_3D('',#3304,#2587,#2588);
#2335=AXIS2_PLACEMENT_3D('',#3305,#2589,#2590);
#2336=AXIS2_PLACEMENT_3D('',#3307,#2591,#2592);
#2337=AXIS2_PLACEMENT_3D('',#3310,#2594,#2595);
#2338=AXIS2_PLACEMENT_3D('',#3311,#2596,#2597);
#2339=AXIS2_PLACEMENT_3D('',#3313,#2598,#2599);
#2340=AXIS2_PLACEMENT_3D('',#3316,#2601,#2602);
#2341=AXIS2_PLACEMENT_3D('',#3317,#2603,#2604);
#2342=AXIS2_PLACEMENT_3D('',#3318,#2605,#2606);
#2343=AXIS2_PLACEMENT_3D('',#3327,#2611,#2612);
#2344=AXIS2_PLACEMENT_3D('',#3333,#2616,#2617);
#2345=AXIS2_PLACEMENT_3D('',#3339,#2621,#2622);
#2346=AXIS2_PLACEMENT_3D('',#3342,#2625,#2626);
#2347=AXIS2_PLACEMENT_3D('',#3343,#2627,#2628);
#2348=AXIS2_PLACEMENT_3D('',#3344,#2629,#2630);
#2349=AXIS2_PLACEMENT_3D('',#3347,#2631,#2632);
#2350=AXIS2_PLACEMENT_3D('',#3351,#2634,#2635);
#2351=AXIS2_PLACEMENT_3D('',#3353,#2637,#2638);
#2352=AXIS2_PLACEMENT_3D('',#3359,#2642,#2643);
#2353=AXIS2_PLACEMENT_3D('',#3362,#2644,#2645);
#2354=AXIS2_PLACEMENT_3D('',#3366,#2647,#2648);
#2355=AXIS2_PLACEMENT_3D('',#3368,#2650,#2651);
#2356=AXIS2_PLACEMENT_3D('',#3371,#2654,#2655);
#2357=AXIS2_PLACEMENT_3D('',#3373,#2656,#2657);
#2358=AXIS2_PLACEMENT_3D('',#3376,#2659,#2660);
#2359=AXIS2_PLACEMENT_3D('',#3377,#2661,#2662);
#2360=AXIS2_PLACEMENT_3D('',#3383,#2666,#2667);
#2361=AXIS2_PLACEMENT_3D('',#3385,#2668,#2669);
#2362=AXIS2_PLACEMENT_3D('',#3388,#2671,#2672);
#2363=AXIS2_PLACEMENT_3D('',#3389,#2673,#2674);
#2364=AXIS2_PLACEMENT_3D('',#3392,#2677,#2678);
#2365=AXIS2_PLACEMENT_3D('',#3406,#2680,#2681);
#2366=AXIS2_PLACEMENT_3D('',#3409,#2683,#2684);
#2367=AXIS2_PLACEMENT_3D('',#3410,#2685,#2686);
#2368=AXIS2_PLACEMENT_3D('',#3416,#2690,#2691);
#2369=AXIS2_PLACEMENT_3D('',#3418,#2692,#2693);
#2370=AXIS2_PLACEMENT_3D('',#3421,#2695,#2696);
#2371=AXIS2_PLACEMENT_3D('',#3422,#2697,#2698);
#2372=AXIS2_PLACEMENT_3D('',#3428,#2701,#2702);
#2373=AXIS2_PLACEMENT_3D('',#3430,#2704,#2705);
#2374=AXIS2_PLACEMENT_3D('',#3447,#2709,#2710);
#2375=AXIS2_PLACEMENT_3D('',#3449,#2711,#2712);
#2376=AXIS2_PLACEMENT_3D('',#3451,#2713,#2714);
#2377=AXIS2_PLACEMENT_3D('',#3452,#2715,#2716);
#2378=AXIS2_PLACEMENT_3D('',#3453,#2717,#2718);
#2379=AXIS2_PLACEMENT_3D('',#3459,#2721,#2722);
#2380=AXIS2_PLACEMENT_3D('',#3461,#2724,#2725);
#2381=AXIS2_PLACEMENT_3D('',#3467,#2729,#2730);
#2382=AXIS2_PLACEMENT_3D('',#3469,#2731,#2732);
#2383=AXIS2_PLACEMENT_3D('',#3472,#2734,#2735);
#2384=AXIS2_PLACEMENT_3D('',#3473,#2736,#2737);
#2385=AXIS2_PLACEMENT_3D('',#3474,#2738,#2739);
#2386=AXIS2_PLACEMENT_3D('',#3476,#2740,#2741);
#2387=AXIS2_PLACEMENT_3D('',#3479,#2743,#2744);
#2388=AXIS2_PLACEMENT_3D('',#3480,#2745,#2746);
#2389=AXIS2_PLACEMENT_3D('',#3481,#2747,#2748);
#2390=AXIS2_PLACEMENT_3D('',#3483,#2749,#2750);
#2391=AXIS2_PLACEMENT_3D('',#3486,#2752,#2753);
#2392=AXIS2_PLACEMENT_3D('',#3487,#2754,#2755);
#2393=AXIS2_PLACEMENT_3D('',#3488,#2756,#2757);
#2394=AXIS2_PLACEMENT_3D('',#3490,#2758,#2759);
#2395=AXIS2_PLACEMENT_3D('',#3493,#2761,#2762);
#2396=AXIS2_PLACEMENT_3D('',#3494,#2763,#2764);
#2397=AXIS2_PLACEMENT_3D('',#3495,#2765,#2766);
#2398=AXIS2_PLACEMENT_3D('',#3500,#2768,#2769);
#2399=AXIS2_PLACEMENT_3D('',#3503,#2771,#2772);
#2400=AXIS2_PLACEMENT_3D('',#3504,#2773,#2774);
#2401=AXIS2_PLACEMENT_3D('',#3507,#2775,#2776);
#2402=AXIS2_PLACEMENT_3D('',#3508,#2777,#2778);
#2403=AXIS2_PLACEMENT_3D('',#3509,#2779,#2780);
#2404=AXIS2_PLACEMENT_3D('',#3510,#2781,#2782);
#2405=AXIS2_PLACEMENT_3D('',#3513,#2783,#2784);
#2406=AXIS2_PLACEMENT_3D('',#3516,#2787,#2788);
#2407=AXIS2_PLACEMENT_3D('',#3519,#2789,#2790);
#2408=AXIS2_PLACEMENT_3D('',#3520,#2791,#2792);
#2409=AXIS2_PLACEMENT_3D('',#3521,#2793,#2794);
#2410=AXIS2_PLACEMENT_3D('',#3522,#2795,#2796);
#2411=AXIS2_PLACEMENT_3D('',#3527,#2798,#2799);
#2412=AXIS2_PLACEMENT_3D('',#3530,#2801,#2802);
#2413=AXIS2_PLACEMENT_3D('',#3531,#2803,#2804);
#2414=AXIS2_PLACEMENT_3D('',#3535,#2806,#2807);
#2415=AXIS2_PLACEMENT_3D('',#3537,#2809,#2810);
#2416=AXIS2_PLACEMENT_3D('',#3573,#2813,#2814);
#2417=AXIS2_PLACEMENT_3D('',#3577,#2816,#2817);
#2418=AXIS2_PLACEMENT_3D('',#3579,#2819,#2820);
#2419=AXIS2_PLACEMENT_3D('',#3582,#2821,#2822);
#2420=AXIS2_PLACEMENT_3D('',#3583,#2823,#2824);
#2421=AXIS2_PLACEMENT_3D('',#3584,#2825,#2826);
#2422=AXIS2_PLACEMENT_3D('',#3585,#2827,#2828);
#2423=AXIS2_PLACEMENT_3D('',#3589,#2830,#2831);
#2424=AXIS2_PLACEMENT_3D('',#3591,#2833,#2834);
#2425=AXIS2_PLACEMENT_3D('',#3594,#2835,#2836);
#2426=AXIS2_PLACEMENT_3D('',#3595,#2837,#2838);
#2427=AXIS2_PLACEMENT_3D('',#3596,#2839,#2840);
#2428=AXIS2_PLACEMENT_3D('',#3597,#2841,#2842);
#2429=AXIS2_PLACEMENT_3D('',#3601,#2844,#2845);
#2430=AXIS2_PLACEMENT_3D('',#3603,#2847,#2848);
#2431=AXIS2_PLACEMENT_3D('',#3606,#2849,#2850);
#2432=AXIS2_PLACEMENT_3D('',#3607,#2851,#2852);
#2433=AXIS2_PLACEMENT_3D('',#3608,#2853,#2854);
#2434=AXIS2_PLACEMENT_3D('',#3609,#2855,#2856);
#2435=AXIS2_PLACEMENT_3D('',#3612,#2859,#2860);
#2436=AXIS2_PLACEMENT_3D('',#3615,#2861,#2862);
#2437=AXIS2_PLACEMENT_3D('',#3616,#2863,#2864);
#2438=AXIS2_PLACEMENT_3D('',#3617,#2865,#2866);
#2439=AXIS2_PLACEMENT_3D('',#3618,#2867,#2868);
#2440=AXIS2_PLACEMENT_3D('',#3621,#2869,#2870);
#2441=AXIS2_PLACEMENT_3D('',#3624,#2873,#2874);
#2442=AXIS2_PLACEMENT_3D('',#3627,#2875,#2876);
#2443=AXIS2_PLACEMENT_3D('',#3628,#2877,#2878);
#2444=AXIS2_PLACEMENT_3D('',#3629,#2879,#2880);
#2445=AXIS2_PLACEMENT_3D('',#3630,#2881,#2882);
#2446=AXIS2_PLACEMENT_3D('',#3633,#2883,#2884);
#2447=AXIS2_PLACEMENT_3D('',#3636,#2887,#2888);
#2448=AXIS2_PLACEMENT_3D('',#3638,#2889,#2890);
#2449=AXIS2_PLACEMENT_3D('',#3640,#2891,#2892);
#2450=AXIS2_PLACEMENT_3D('',#3641,#2893,#2894);
#2451=AXIS2_PLACEMENT_3D('',#3642,#2895,#2896);
#2452=AXIS2_PLACEMENT_3D('',#3645,#2897,#2898);
#2453=AXIS2_PLACEMENT_3D('',#3648,#2901,#2902);
#2454=AXIS2_PLACEMENT_3D('',#3650,#2903,#2904);
#2455=AXIS2_PLACEMENT_3D('',#3651,#2905,#2906);
#2456=AXIS2_PLACEMENT_3D('',#3652,#2907,#2908);
#2457=AXIS2_PLACEMENT_3D('',#3653,#2909,#2910);
#2458=AXIS2_PLACEMENT_3D('',#3655,#2912,#2913);
#2459=AXIS2_PLACEMENT_3D('',#3658,#2916,#2917);
#2460=AXIS2_PLACEMENT_3D('',#3664,#2921,#2922);
#2461=AXIS2_PLACEMENT_3D('',#3666,#2924,#2925);
#2462=AXIS2_PLACEMENT_3D('',#3669,#2927,#2928);
#2463=AXIS2_PLACEMENT_3D('',#3670,#2929,#2930);
#2464=AXIS2_PLACEMENT_3D('',#3674,#2933,#2934);
#2465=AXIS2_PLACEMENT_3D('',#3679,#2937,#2938);
#2466=AXIS2_PLACEMENT_3D('',#3680,#2939,#2940);
#2467=AXIS2_PLACEMENT_3D('',#3684,#2943,#2944);
#2468=AXIS2_PLACEMENT_3D('',#3687,#2946,#2947);
#2469=AXIS2_PLACEMENT_3D('',#3688,#2948,#2949);
#2470=AXIS2_PLACEMENT_3D('',#3692,#2952,#2953);
#2471=AXIS2_PLACEMENT_3D('',#3695,#2955,#2956);
#2472=AXIS2_PLACEMENT_3D('',#3696,#2957,#2958);
#2473=AXIS2_PLACEMENT_3D('',#3700,#2961,#2962);
#2474=AXIS2_PLACEMENT_3D('',#3704,#2964,#2965);
#2475=AXIS2_PLACEMENT_3D('',#3708,#2967,#2968);
#2476=AXIS2_PLACEMENT_3D('',#3712,#2970,#2971);
#2477=AXIS2_PLACEMENT_3D('',#3716,#2973,#2974);
#2478=AXIS2_PLACEMENT_3D('',#3724,#2978,#2979);
#2479=AXIS2_PLACEMENT_3D('',#3728,#2981,#2982);
#2480=AXIS2_PLACEMENT_3D('',#3732,#2984,#2985);
#2481=AXIS2_PLACEMENT_3D('',#3738,#2988,#2989);
#2482=AXIS2_PLACEMENT_3D('',#3742,#2991,#2992);
#2483=AXIS2_PLACEMENT_3D('',#3748,#2995,#2996);
#2484=AXIS2_PLACEMENT_3D('',#3750,#2998,#2999);
#2485=AXIS2_PLACEMENT_3D('',#3756,#3003,#3004);
#2486=AXIS2_PLACEMENT_3D('',#3765,#3009,#3010);
#2487=AXIS2_PLACEMENT_3D('',#3769,#3012,#3013);
#2488=AXIS2_PLACEMENT_3D('',#3770,#3014,#3015);
#2489=AXIS2_PLACEMENT_3D('',#3771,#3016,#3017);
#2490=AXIS2_PLACEMENT_3D('',#3777,#3021,#3022);
#2491=AXIS2_PLACEMENT_3D('',#3781,#3024,#3025);
#2492=AXIS2_PLACEMENT_3D('',#3782,#3026,#3027);
#2493=AXIS2_PLACEMENT_3D('',#3783,#3028,#3029);
#2494=AXIS2_PLACEMENT_3D('',#3789,#3033,#3034);
#2495=AXIS2_PLACEMENT_3D('',#3793,#3036,#3037);
#2496=AXIS2_PLACEMENT_3D('',#3794,#3038,#3039);
#2497=AXIS2_PLACEMENT_3D('',#3795,#3040,#3041);
#2498=AXIS2_PLACEMENT_3D('',#3801,#3045,#3046);
#2499=AXIS2_PLACEMENT_3D('',#3806,#3050,#3051);
#2500=AXIS2_PLACEMENT_3D('',#3812,#3055,#3056);
#2501=AXIS2_PLACEMENT_3D('',#3816,#3058,#3059);
#2502=AXIS2_PLACEMENT_3D('',#3817,#3060,#3061);
#2503=AXIS2_PLACEMENT_3D('',#3818,#3062,#3063);
#2504=AXIS2_PLACEMENT_3D('',#3824,#3067,#3068);
#2505=AXIS2_PLACEMENT_3D('',#3827,#3070,#3071);
#2506=AXIS2_PLACEMENT_3D('',#3828,#3072,#3073);
#2507=AXIS2_PLACEMENT_3D('',#3829,#3074,#3075);
#2508=AXIS2_PLACEMENT_3D('',#3831,#3077,#3078);
#2509=AXIS2_PLACEMENT_3D('',#3834,#3080,#3081);
#2510=AXIS2_PLACEMENT_3D('',#3835,#3082,#3083);
#2511=AXIS2_PLACEMENT_3D('',#3839,#3086,#3087);
#2512=AXIS2_PLACEMENT_3D('',#3842,#3089,#3090);
#2513=AXIS2_PLACEMENT_3D('',#3843,#3091,#3092);
#2514=AXIS2_PLACEMENT_3D('',#3847,#3095,#3096);
#2515=AXIS2_PLACEMENT_3D('',#3850,#3098,#3099);
#2516=AXIS2_PLACEMENT_3D('',#3851,#3100,#3101);
#2517=AXIS2_PLACEMENT_3D('',#3855,#3104,#3105);
#2518=AXIS2_PLACEMENT_3D('',#3858,#3107,#3108);
#2519=AXIS2_PLACEMENT_3D('',#3859,#3109,#3110);
#2520=AXIS2_PLACEMENT_3D('',#3863,#3113,#3114);
#2521=AXIS2_PLACEMENT_3D('',#3866,#3116,#3117);
#2522=AXIS2_PLACEMENT_3D('',#3867,#3118,#3119);
#2523=AXIS2_PLACEMENT_3D('',#3869,#3121,#3122);
#2524=AXIS2_PLACEMENT_3D('',#3871,#3124,#3125);
#2525=AXIS2_PLACEMENT_3D('',#3873,#3127,#3128);
#2526=AXIS2_PLACEMENT_3D('',#3875,#3130,#3131);
#2527=AXIS2_PLACEMENT_3D('',#3877,#3133,#3134);
#2528=AXIS2_PLACEMENT_3D('',#3879,#3136,#3137);
#2529=AXIS2_PLACEMENT_3D('',#3883,#3140,#3141);
#2530=AXIS2_PLACEMENT_3D('',#3885,#3143,#3144);
#2531=AXIS2_PLACEMENT_3D('',#3889,#3147,#3148);
#2532=AXIS2_PLACEMENT_3D('',#3891,#3150,#3151);
#2533=AXIS2_PLACEMENT_3D('',#3893,#3153,#3154);
#2534=AXIS2_PLACEMENT_3D('',#3895,#3156,#3157);
#2535=AXIS2_PLACEMENT_3D('',#3896,#3158,#3159);
#2536=AXIS2_PLACEMENT_3D('',#3902,#3163,#3164);
#2537=AXIS2_PLACEMENT_3D('',#3904,#3165,#3166);
#2538=AXIS2_PLACEMENT_3D('',#3906,#3168,#3169);
#2539=AXIS2_PLACEMENT_3D('',#3910,#3172,#3173);
#2540=AXIS2_PLACEMENT_3D('',#3914,#3176,#3177);
#2541=AXIS2_PLACEMENT_3D('',#3918,#3180,#3181);
#2542=AXIS2_PLACEMENT_3D('',#3920,#3182,#3183);
#2543=AXIS2_PLACEMENT_3D('',#3922,#3185,#3186);
#2544=AXIS2_PLACEMENT_3D('',#3926,#3189,#3190);
#2545=AXIS2_PLACEMENT_3D('',#3928,#3191,#3192);
#2546=AXIS2_PLACEMENT_3D('',#3930,#3194,#3195);
#2547=AXIS2_PLACEMENT_3D('',#3934,#3198,#3199);
#2548=AXIS2_PLACEMENT_3D('',#3936,#3200,#3201);
#2549=AXIS2_PLACEMENT_3D('',#3938,#3203,#3204);
#2550=AXIS2_PLACEMENT_3D('',#3942,#3207,#3208);
#2551=AXIS2_PLACEMENT_3D('',#3944,#3209,#3210);
#2552=AXIS2_PLACEMENT_3D('',#3946,#3212,#3213);
#2553=AXIS2_PLACEMENT_3D('',#3950,#3216,#3217);
#2554=AXIS2_PLACEMENT_3D('',#3952,#3218,#3219);
#2555=AXIS2_PLACEMENT_3D('',#3954,#3221,#3222);
#2556=AXIS2_PLACEMENT_3D('',#3958,#3225,#3226);
#2557=AXIS2_PLACEMENT_3D('',#3962,#3229,#3230);
#2558=AXIS2_PLACEMENT_3D('',#3964,#3231,#3232);
#2559=AXIS2_PLACEMENT_3D('',#3966,#3234,#3235);
#2560=AXIS2_PLACEMENT_3D('',#3970,#3238,#3239);
#2561=AXIS2_PLACEMENT_3D('',#3972,#3240,#3241);
#2562=AXIS2_PLACEMENT_3D('',#3974,#3243,#3244);
#2563=AXIS2_PLACEMENT_3D('',#3978,#3247,#3248);
#2564=AXIS2_PLACEMENT_3D('',#3982,#3251,#3252);
#2565=AXIS2_PLACEMENT_3D('',#3984,#3253,#3254);
#2566=AXIS2_PLACEMENT_3D('',#3986,#3256,#3257);
#2567=AXIS2_PLACEMENT_3D('',#3990,#3260,#3261);
#2568=AXIS2_PLACEMENT_3D('',#3991,#3262,#3263);
#2569=AXIS2_PLACEMENT_3D('',#3992,#3264,#3265);
#2570=AXIS2_PLACEMENT_3D('',#3994,#3266,#3267);
#2571=AXIS2_PLACEMENT_3D('',#3997,#3269,#3270);
#2572=AXIS2_PLACEMENT_3D('',#3998,#3271,#3272);
#2573=AXIS2_PLACEMENT_3D('',#3999,#3273,#3274);
#2574=AXIS2_PLACEMENT_3D('',#4001,#3275,#3276);
#2575=AXIS2_PLACEMENT_3D('',#4004,#3278,#3279);
#2576=AXIS2_PLACEMENT_3D('',#4005,#3280,#3281);
#2577=AXIS2_PLACEMENT_3D('',#4006,#3282,#3283);
#2578=AXIS2_PLACEMENT_3D('',#4008,#3284,#3285);
#2579=AXIS2_PLACEMENT_3D('',#4011,#3287,#3288);
#2580=AXIS2_PLACEMENT_3D('',#4012,#3289,#3290);
#2581=AXIS2_PLACEMENT_3D('',#4013,#3291,#3292);
#2582=AXIS2_PLACEMENT_3D('',#4015,#3293,#3294);
#2583=AXIS2_PLACEMENT_3D('',#4018,#3296,#3297);
#2584=AXIS2_PLACEMENT_3D('',#4019,#3298,#3299);
#2585=AXIS2_PLACEMENT_3D('',#4020,#3300,#3301);
#2586=AXIS2_PLACEMENT_3D('',#4021,#3302,#3303);
#2587=DIRECTION('axis',(0.,0.,1.));
#2588=DIRECTION('refdir',(1.,0.,0.));
#2589=DIRECTION('center_axis',(0.,0.,-1.));
#2590=DIRECTION('ref_axis',(1.,0.,0.));
#2591=DIRECTION('center_axis',(0.,0.,1.));
#2592=DIRECTION('ref_axis',(1.,0.,0.));
#2593=DIRECTION('',(0.,0.,-1.));
#2594=DIRECTION('center_axis',(0.,0.,1.));
#2595=DIRECTION('ref_axis',(1.,0.,0.));
#2596=DIRECTION('center_axis',(0.,0.,-1.));
#2597=DIRECTION('ref_axis',(1.,0.,0.));
#2598=DIRECTION('center_axis',(0.,0.,-1.));
#2599=DIRECTION('ref_axis',(1.,0.,0.));
#2600=DIRECTION('',(0.,0.,-1.));
#2601=DIRECTION('center_axis',(0.,0.,-1.));
#2602=DIRECTION('ref_axis',(1.,0.,0.));
#2603=DIRECTION('center_axis',(0.,0.,1.));
#2604=DIRECTION('ref_axis',(1.,0.,0.));
#2605=DIRECTION('center_axis',(0.,-1.,0.));
#2606=DIRECTION('ref_axis',(-1.,0.,0.));
#2607=DIRECTION('',(-1.,0.,0.));
#2608=DIRECTION('',(0.,0.,-1.));
#2609=DIRECTION('',(-1.,0.,0.));
#2610=DIRECTION('',(0.,0.,-1.));
#2611=DIRECTION('center_axis',(1.,0.,0.));
#2612=DIRECTION('ref_axis',(0.,-1.,0.));
#2613=DIRECTION('',(0.,-1.,0.));
#2614=DIRECTION('',(0.,0.,-1.));
#2615=DIRECTION('',(0.,-1.,0.));
#2616=DIRECTION('center_axis',(0.,1.,0.));
#2617=DIRECTION('ref_axis',(1.,0.,0.));
#2618=DIRECTION('',(1.,0.,0.));
#2619=DIRECTION('',(0.,0.,-1.));
#2620=DIRECTION('',(1.,0.,0.));
#2621=DIRECTION('center_axis',(-1.,0.,0.));
#2622=DIRECTION('ref_axis',(0.,1.,0.));
#2623=DIRECTION('',(0.,1.,0.));
#2624=DIRECTION('',(0.,1.,0.));
#2625=DIRECTION('center_axis',(0.,0.,-1.));
#2626=DIRECTION('ref_axis',(-1.,0.,0.));
#2627=DIRECTION('center_axis',(0.,0.,1.));
#2628=DIRECTION('ref_axis',(1.,0.,0.));
#2629=DIRECTION('center_axis',(-1.,0.,0.));
#2630=DIRECTION('ref_axis',(0.,0.707106781186546,0.707106781186549));
#2631=DIRECTION('center_axis',(1.,1.22305906628487E-12,0.));
#2632=DIRECTION('ref_axis',(0.,0.707106781186546,0.707106781186549));
#2633=DIRECTION('',(-1.,0.,0.));
#2634=DIRECTION('center_axis',(-1.,-1.26125227090521E-12,0.));
#2635=DIRECTION('ref_axis',(0.,0.707106781186546,0.707106781186549));
#2636=DIRECTION('',(1.,0.,0.));
#2637=DIRECTION('center_axis',(0.,0.,1.));
#2638=DIRECTION('ref_axis',(0.,1.,0.));
#2639=DIRECTION('',(-1.22305906628487E-12,1.,0.));
#2640=DIRECTION('',(1.,0.,0.));
#2641=DIRECTION('',(1.26125227090521E-12,-1.,0.));
#2642=DIRECTION('center_axis',(-1.,0.,0.));
#2643=DIRECTION('ref_axis',(0.,0.707106781186548,-0.707106781186547));
#2644=DIRECTION('center_axis',(1.,1.22305906628487E-12,0.));
#2645=DIRECTION('ref_axis',(0.,0.707106781186548,-0.707106781186547));
#2646=DIRECTION('',(-1.,0.,0.));
#2647=DIRECTION('center_axis',(-1.,-1.26125227090521E-12,0.));
#2648=DIRECTION('ref_axis',(0.,0.707106781186548,-0.707106781186547));
#2649=DIRECTION('',(1.,0.,0.));
#2650=DIRECTION('center_axis',(0.,1.,0.));
#2651=DIRECTION('ref_axis',(0.,0.,-1.));
#2652=DIRECTION('',(0.,0.,1.));
#2653=DIRECTION('',(0.,0.,-1.));
#2654=DIRECTION('center_axis',(-1.,0.,0.));
#2655=DIRECTION('ref_axis',(0.,-0.707106781186546,0.707106781186549));
#2656=DIRECTION('center_axis',(1.,1.22305906628487E-12,0.));
#2657=DIRECTION('ref_axis',(0.,-0.707106781186546,0.707106781186549));
#2658=DIRECTION('',(-1.,0.,0.));
#2659=DIRECTION('center_axis',(-1.,-1.26125227090521E-12,0.));
#2660=DIRECTION('ref_axis',(0.,-0.707106781186546,0.707106781186549));
#2661=DIRECTION('center_axis',(0.,-1.,0.));
#2662=DIRECTION('ref_axis',(0.,0.,1.));
#2663=DIRECTION('',(0.,0.,1.));
#2664=DIRECTION('',(1.,0.,0.));
#2665=DIRECTION('',(0.,0.,-1.));
#2666=DIRECTION('center_axis',(-1.,0.,0.));
#2667=DIRECTION('ref_axis',(0.,-0.707106781186547,-0.707106781186548));
#2668=DIRECTION('center_axis',(1.,1.22305906628487E-12,0.));
#2669=DIRECTION('ref_axis',(0.,-0.707106781186547,-0.707106781186548));
#2670=DIRECTION('',(-1.,0.,0.));
#2671=DIRECTION('center_axis',(-1.,-1.26125227090521E-12,0.));
#2672=DIRECTION('ref_axis',(0.,-0.707106781186547,-0.707106781186548));
#2673=DIRECTION('center_axis',(0.,0.,-1.));
#2674=DIRECTION('ref_axis',(0.,-1.,0.));
#2675=DIRECTION('',(-1.26125227090521E-12,1.,0.));
#2676=DIRECTION('',(1.22305906628487E-12,-1.,0.));
#2677=DIRECTION('center_axis',(0.,1.,0.));
#2678=DIRECTION('ref_axis',(-0.707106781186546,0.,-0.707106781186549));
#2679=DIRECTION('',(0.,-1.,0.));
#2680=DIRECTION('center_axis',(-0.249041038110492,-0.968492933034025,0.));
#2681=DIRECTION('ref_axis',(-0.968492933034025,0.249041038110492,-2.68810788360281E-16));
#2682=DIRECTION('',(0.,1.,0.));
#2683=DIRECTION('center_axis',(0.249041038110516,0.968492933034019,0.));
#2684=DIRECTION('ref_axis',(-0.968492933034019,0.249041038110516,-1.61286473016168E-15));
#2685=DIRECTION('center_axis',(-3.41607084500048E-16,0.,-1.));
#2686=DIRECTION('ref_axis',(-1.,0.,3.41607084500048E-16));
#2687=DIRECTION('',(-0.968492933034025,0.249041038110492,3.30844047212654E-16));
#2688=DIRECTION('',(0.,-1.,0.));
#2689=DIRECTION('',(0.968492933034019,-0.249041038110516,-3.30844047212652E-16));
#2690=DIRECTION('center_axis',(0.,1.,0.));
#2691=DIRECTION('ref_axis',(0.707106781186549,0.,-0.707106781186546));
#2692=DIRECTION('center_axis',(-0.249041038110492,-0.968492933034025,0.));
#2693=DIRECTION('ref_axis',(0.968492933034025,-0.249041038110492,8.73635062170914E-16));
#2694=DIRECTION('',(0.,1.,0.));
#2695=DIRECTION('center_axis',(0.249041038110516,0.968492933034019,0.));
#2696=DIRECTION('ref_axis',(0.968492933034019,-0.249041038110516,-3.36013485450349E-16));
#2697=DIRECTION('center_axis',(1.,0.,0.));
#2698=DIRECTION('ref_axis',(0.,0.,-1.));
#2699=DIRECTION('',(0.,0.,-1.));
#2700=DIRECTION('',(0.,-1.,0.));
#2701=DIRECTION('center_axis',(1.,0.,0.));
#2702=DIRECTION('ref_axis',(0.,1.,-4.03216182540419E-16));
#2703=DIRECTION('',(0.,0.,1.));
#2704=DIRECTION('center_axis',(-1.,0.,0.));
#2705=DIRECTION('ref_axis',(0.,0.,1.));
#2706=DIRECTION('',(0.,0.,-1.));
#2707=DIRECTION('',(0.,1.,0.));
#2708=DIRECTION('',(0.,0.,1.));
#2709=DIRECTION('center_axis',(0.,0.,1.));
#2710=DIRECTION('ref_axis',(1.,0.,0.));
#2711=DIRECTION('center_axis',(0.,0.,1.));
#2712=DIRECTION('ref_axis',(0.125513438648488,0.992091919490645,0.));
#2713=DIRECTION('center_axis',(0.999999999974909,-7.08399269919282E-6,0.));
#2714=DIRECTION('ref_axis',(7.08399269919282E-6,0.999999999974909,0.));
#2715=DIRECTION('center_axis',(0.,0.,-1.));
#2716=DIRECTION('ref_axis',(0.125513438648488,0.992091919490645,0.));
#2717=DIRECTION('center_axis',(0.,0.,-1.));
#2718=DIRECTION('ref_axis',(0.249034875739457,0.968494517622807,0.));
#2719=DIRECTION('',(0.,0.,-1.));
#2720=DIRECTION('',(0.,0.,1.));
#2721=DIRECTION('center_axis',(0.,0.,-1.));
#2722=DIRECTION('ref_axis',(0.249034875739457,0.968494517622807,0.));
#2723=DIRECTION('',(0.,0.,1.));
#2724=DIRECTION('center_axis',(0.249041038110516,0.968492933034019,0.));
#2725=DIRECTION('ref_axis',(0.968492933034019,-0.249041038110516,0.));
#2726=DIRECTION('',(-0.968492933034019,0.249041038110516,0.));
#2727=DIRECTION('',(0.,0.,1.));
#2728=DIRECTION('',(0.968492933034019,-0.249041038110516,0.));
#2729=DIRECTION('center_axis',(0.,0.,-1.));
#2730=DIRECTION('ref_axis',(1.,0.,0.));
#2731=DIRECTION('center_axis',(0.,0.,-1.));
#2732=DIRECTION('ref_axis',(1.,0.,0.));
#2733=DIRECTION('',(0.,0.,-1.));
#2734=DIRECTION('center_axis',(0.,0.,-1.));
#2735=DIRECTION('ref_axis',(1.,0.,0.));
#2736=DIRECTION('center_axis',(0.,0.,-1.));
#2737=DIRECTION('ref_axis',(1.,0.,0.));
#2738=DIRECTION('center_axis',(0.,0.,-1.));
#2739=DIRECTION('ref_axis',(1.,0.,0.));
#2740=DIRECTION('center_axis',(0.,0.,-1.));
#2741=DIRECTION('ref_axis',(1.,0.,0.));
#2742=DIRECTION('',(0.,0.,-1.));
#2743=DIRECTION('center_axis',(0.,0.,-1.));
#2744=DIRECTION('ref_axis',(1.,0.,0.));
#2745=DIRECTION('center_axis',(0.,0.,-1.));
#2746=DIRECTION('ref_axis',(1.,0.,0.));
#2747=DIRECTION('center_axis',(0.,0.,-1.));
#2748=DIRECTION('ref_axis',(1.,0.,0.));
#2749=DIRECTION('center_axis',(0.,0.,-1.));
#2750=DIRECTION('ref_axis',(1.,0.,0.));
#2751=DIRECTION('',(0.,0.,-1.));
#2752=DIRECTION('center_axis',(0.,0.,-1.));
#2753=DIRECTION('ref_axis',(1.,0.,0.));
#2754=DIRECTION('center_axis',(0.,0.,-1.));
#2755=DIRECTION('ref_axis',(1.,0.,0.));
#2756=DIRECTION('center_axis',(0.,0.,-1.));
#2757=DIRECTION('ref_axis',(1.,0.,0.));
#2758=DIRECTION('center_axis',(0.,0.,-1.));
#2759=DIRECTION('ref_axis',(1.,0.,0.));
#2760=DIRECTION('',(0.,0.,-1.));
#2761=DIRECTION('center_axis',(0.,0.,-1.));
#2762=DIRECTION('ref_axis',(1.,0.,0.));
#2763=DIRECTION('center_axis',(0.,0.,-1.));
#2764=DIRECTION('ref_axis',(1.,0.,0.));
#2765=DIRECTION('center_axis',(-0.976187054919544,0.216930481508496,0.));
#2766=DIRECTION('ref_axis',(0.153393014520721,0.690268486240132,0.707106781186549));
#2767=DIRECTION('',(-0.976187054919544,0.216930481508496,0.));
#2768=DIRECTION('center_axis',(0.976187054919543,-0.216930481508499,0.));
#2769=DIRECTION('ref_axis',(0.216930481508499,0.976187054919543,0.));
#2770=DIRECTION('',(0.976187054919544,-0.216930481508496,0.));
#2771=DIRECTION('center_axis',(-0.994028936929403,0.109116783983953,-8.82875050338152E-15));
#2772=DIRECTION('ref_axis',(-0.109116783983953,-0.994028936929403,-8.04278971751398E-14));
#2773=DIRECTION('center_axis',(0.,0.,1.));
#2774=DIRECTION('ref_axis',(1.,0.,0.));
#2775=DIRECTION('center_axis',(0.99999999982639,1.86338606278365E-5,0.));
#2776=DIRECTION('ref_axis',(-1.86338606278365E-5,0.99999999982639,0.));
#2777=DIRECTION('center_axis',(0.,0.,-1.));
#2778=DIRECTION('ref_axis',(0.109114605624943,0.994029176050338,0.));
#2779=DIRECTION('center_axis',(0.,0.,1.));
#2780=DIRECTION('ref_axis',(0.109114605624943,0.994029176050338,0.));
#2781=DIRECTION('center_axis',(-1.,9.16744643635563E-12,0.));
#2782=DIRECTION('ref_axis',(6.4813416694467E-12,0.707106781186541,0.707106781186554));
#2783=DIRECTION('center_axis',(1.,-9.17044218760713E-12,0.));
#2784=DIRECTION('ref_axis',(9.17044218760713E-12,1.,0.));
#2785=DIRECTION('',(1.,-9.16744643635563E-12,0.));
#2786=DIRECTION('',(-1.,9.16744643635563E-12,0.));
#2787=DIRECTION('center_axis',(0.,0.,1.));
#2788=DIRECTION('ref_axis',(1.,0.,0.));
#2789=DIRECTION('center_axis',(-0.970142506599689,-0.242535599218905,0.));
#2790=DIRECTION('ref_axis',(0.,0.,1.));
#2791=DIRECTION('center_axis',(0.,0.,-1.));
#2792=DIRECTION('ref_axis',(-0.122183548571322,0.99250752161307,0.));
#2793=DIRECTION('center_axis',(0.,0.,1.));
#2794=DIRECTION('ref_axis',(-0.122183548571322,0.99250752161307,0.));
#2795=DIRECTION('center_axis',(0.970142506701055,-0.24253559881344,0.));
#2796=DIRECTION('ref_axis',(-0.171498566600123,-0.68599434520563,0.707106781186549));
#2797=DIRECTION('',(0.970142506701055,-0.24253559881344,0.));
#2798=DIRECTION('center_axis',(-0.970142506701053,0.242535598813448,0.));
#2799=DIRECTION('ref_axis',(-0.242535598813448,-0.970142506701053,0.));
#2800=DIRECTION('',(-0.970142506701055,0.24253559881344,0.));
#2801=DIRECTION('center_axis',(0.992507558322287,-0.122183250378812,1.1019047433639E-15));
#2802=DIRECTION('ref_axis',(0.122183250378812,0.992507558322287,8.95088962446665E-15));
#2803=DIRECTION('center_axis',(1.,-3.88468664661577E-12,0.));
#2804=DIRECTION('ref_axis',(-2.74687675646725E-12,-0.707106781186554,0.707106781186541));
#2805=DIRECTION('',(-1.,3.88468664661577E-12,0.));
#2806=DIRECTION('center_axis',(0.97576857645895,0.218805130642027,1.94337995155915E-15));
#2807=DIRECTION('ref_axis',(-0.218805130642027,0.97576857645895,8.66656592216582E-15));
#2808=DIRECTION('',(1.,-3.88468664661577E-12,0.));
#2809=DIRECTION('center_axis',(-0.97014250659969,-0.242535599218898,0.));
#2810=DIRECTION('ref_axis',(-0.171498566886826,0.685994345133963,0.70710678118654));
#2811=DIRECTION('',(0.97014250659969,0.242535599218898,0.));
#2812=DIRECTION('',(-0.97014250659969,-0.242535599218898,0.));
#2813=DIRECTION('center_axis',(-0.973939832207574,-0.226806532620827,0.));
#2814=DIRECTION('ref_axis',(-0.160376437233602,0.688679459821668,0.707106781186542));
#2815=DIRECTION('',(-0.973939832207574,-0.226806532620827,0.));
#2816=DIRECTION('center_axis',(0.973939832207576,0.226806532620818,0.));
#2817=DIRECTION('ref_axis',(-0.226806532620818,0.973939832207576,0.));
#2818=DIRECTION('',(0.973939832207574,0.226806532620827,0.));
#2819=DIRECTION('center_axis',(0.,0.,1.));
#2820=DIRECTION('ref_axis',(-0.783200651909862,0.621769039795299,0.));
#2821=DIRECTION('center_axis',(-7.81759572632282E-7,0.999999999999694,0.));
#2822=DIRECTION('ref_axis',(-0.999999999999694,-7.81759572632282E-7,0.));
#2823=DIRECTION('center_axis',(0.,0.,-1.));
#2824=DIRECTION('ref_axis',(-0.783200849585683,0.621768790796276,0.));
#2825=DIRECTION('center_axis',(0.,0.,1.));
#2826=DIRECTION('ref_axis',(-0.783200849585683,0.621768790796277,0.));
#2827=DIRECTION('center_axis',(-1.90852781468463E-12,-1.,0.));
#2828=DIRECTION('ref_axis',(-0.707106781186554,1.35027951446804E-12,0.707106781186541));
#2829=DIRECTION('',(-1.90852781468463E-12,-1.,0.));
#2830=DIRECTION('center_axis',(1.90958360235528E-12,1.,0.));
#2831=DIRECTION('ref_axis',(-1.,1.90958360235528E-12,0.));
#2832=DIRECTION('',(1.90852781468463E-12,1.,0.));
#2833=DIRECTION('center_axis',(0.,0.,1.));
#2834=DIRECTION('ref_axis',(-0.707106770159916,-0.707106792213179,0.));
#2835=DIRECTION('center_axis',(-0.999999999999998,-6.09107964066881E-8,
0.));
#2836=DIRECTION('ref_axis',(6.09107964066881E-8,-0.999999999999998,0.));
#2837=DIRECTION('center_axis',(0.,0.,-1.));
#2838=DIRECTION('ref_axis',(-0.707106769269414,-0.707106793103681,0.));
#2839=DIRECTION('center_axis',(0.,0.,1.));
#2840=DIRECTION('ref_axis',(-0.707106769269414,-0.707106793103681,0.));
#2841=DIRECTION('center_axis',(1.,0.,0.));
#2842=DIRECTION('ref_axis',(0.,-0.707106781186554,0.707106781186541));
#2843=DIRECTION('',(1.,0.,0.));
#2844=DIRECTION('center_axis',(-1.,0.,0.));
#2845=DIRECTION('ref_axis',(0.,-1.,0.));
#2846=DIRECTION('',(-1.,0.,0.));
#2847=DIRECTION('center_axis',(0.,0.,1.));
#2848=DIRECTION('ref_axis',(1.,0.,0.));
#2849=DIRECTION('center_axis',(-0.904248273481205,-0.427007095850011,0.));
#2850=DIRECTION('ref_axis',(0.427007095850011,-0.904248273481205,0.));
#2851=DIRECTION('center_axis',(0.,0.,-1.));
#2852=DIRECTION('ref_axis',(0.218805186581176,-0.975768563915223,0.));
#2853=DIRECTION('center_axis',(0.,0.,1.));
#2854=DIRECTION('ref_axis',(0.218805186581176,-0.975768563915223,0.));
#2855=DIRECTION('center_axis',(0.904248629615853,0.427006341683413,0.));
#2856=DIRECTION('ref_axis',(0.301939079814001,-0.639400337880014,0.707106781186546));
#2857=DIRECTION('',(-0.904248629615853,-0.427006341683413,0.));
#2858=DIRECTION('',(0.904248629615853,0.427006341683413,0.));
#2859=DIRECTION('center_axis',(0.,0.,1.));
#2860=DIRECTION('ref_axis',(1.,0.,0.));
#2861=DIRECTION('center_axis',(-0.999999999840814,1.78429566233265E-5,0.));
#2862=DIRECTION('ref_axis',(-1.78429566233265E-5,-0.999999999840814,0.));
#2863=DIRECTION('center_axis',(0.,0.,-1.));
#2864=DIRECTION('ref_axis',(-0.122184182217302,-0.992507443607296,0.));
#2865=DIRECTION('center_axis',(0.,0.,1.));
#2866=DIRECTION('ref_axis',(-0.122184182217302,-0.992507443607296,0.));
#2867=DIRECTION('center_axis',(1.,-3.93465023313928E-12,0.));
#2868=DIRECTION('ref_axis',(-2.78848420662237E-12,-0.707106781186554,0.707106781186541));
#2869=DIRECTION('center_axis',(-1.,3.94351218397917E-12,0.));
#2870=DIRECTION('ref_axis',(-3.94351218397917E-12,-1.,0.));
#2871=DIRECTION('',(-1.,3.93465023313928E-12,0.));
#2872=DIRECTION('',(1.,-3.93465023313928E-12,0.));
#2873=DIRECTION('center_axis',(0.,0.,1.));
#2874=DIRECTION('ref_axis',(1.,0.,0.));
#2875=DIRECTION('center_axis',(-0.707118086519492,-0.707095475672848,0.));
#2876=DIRECTION('ref_axis',(0.707095475672848,-0.707118086519492,0.));
#2877=DIRECTION('center_axis',(0.,0.,-1.));
#2878=DIRECTION('ref_axis',(0.382682394623081,-0.923879962357418,0.));
#2879=DIRECTION('center_axis',(0.,0.,1.));
#2880=DIRECTION('ref_axis',(0.382682394623081,-0.923879962357418,0.));
#2881=DIRECTION('center_axis',(0.707106781203186,0.70710678116991,0.));
#2882=DIRECTION('ref_axis',(0.499999999988228,-0.500000000011754,0.70710678118656));
#2883=DIRECTION('center_axis',(-0.707106781203192,-0.707106781169903,0.));
#2884=DIRECTION('ref_axis',(0.707106781169903,-0.707106781203192,0.));
#2885=DIRECTION('',(-0.707106781203186,-0.70710678116991,0.));
#2886=DIRECTION('',(0.707106781203186,0.70710678116991,0.));
#2887=DIRECTION('center_axis',(0.,0.,1.));
#2888=DIRECTION('ref_axis',(1.,0.,0.));
#2889=DIRECTION('center_axis',(0.,0.,1.));
#2890=DIRECTION('ref_axis',(0.923879913383348,-0.3826825128573,0.));
#2891=DIRECTION('center_axis',(1.50020052396187E-6,-0.999999999998875,0.));
#2892=DIRECTION('ref_axis',(0.999999999998875,1.50020052396187E-6,0.));
#2893=DIRECTION('center_axis',(0.,0.,-1.));
#2894=DIRECTION('ref_axis',(0.923879913383348,-0.3826825128573,0.));
#2895=DIRECTION('center_axis',(-1.22305906628487E-12,1.,0.));
#2896=DIRECTION('ref_axis',(0.707106781186554,8.60410667358704E-13,0.707106781186541));
#2897=DIRECTION('center_axis',(1.22568621906064E-12,-1.,0.));
#2898=DIRECTION('ref_axis',(1.,1.22568621906064E-12,0.));
#2899=DIRECTION('',(1.22305906628487E-12,-1.,0.));
#2900=DIRECTION('',(-1.22305906628487E-12,1.,0.));
#2901=DIRECTION('center_axis',(0.,0.,1.));
#2902=DIRECTION('ref_axis',(1.,0.,0.));
#2903=DIRECTION('center_axis',(0.96849267321504,-0.249042048515479,0.));
#2904=DIRECTION('ref_axis',(0.249042048515479,0.96849267321504,0.));
#2905=DIRECTION('center_axis',(0.,0.,-1.));
#2906=DIRECTION('ref_axis',(0.790266327726987,0.612763519851584,0.));
#2907=DIRECTION('center_axis',(0.,0.,1.));
#2908=DIRECTION('ref_axis',(0.790266327726987,0.612763519851584,0.));
#2909=DIRECTION('center_axis',(-0.968492933034019,0.249041038110516,0.));
#2910=DIRECTION('ref_axis',(0.176098606841685,0.684827920479598,0.707106781186553));
#2911=DIRECTION('',(0.968492933034019,-0.249041038110516,0.));
#2912=DIRECTION('center_axis',(-1.,1.6463722208882E-12,0.));
#2913=DIRECTION('ref_axis',(1.16186841942601E-12,0.707106781186541,0.707106781186554));
#2914=DIRECTION('',(1.,-1.6463722208882E-12,0.));
#2915=DIRECTION('',(-1.,1.6463722208882E-12,0.));
#2916=DIRECTION('center_axis',(0.216930481508496,0.976187054919544,0.));
#2917=DIRECTION('ref_axis',(0.976187054919544,-0.216930481508496,0.));
#2918=DIRECTION('',(0.,0.,1.));
#2919=DIRECTION('',(0.976187054919544,-0.216930481508496,0.));
#2920=DIRECTION('',(0.,0.,1.));
#2921=DIRECTION('center_axis',(1.6463722208882E-12,1.,0.));
#2922=DIRECTION('ref_axis',(1.,-1.6463722208882E-12,0.));
#2923=DIRECTION('',(1.,-1.6463722208882E-12,0.));
#2924=DIRECTION('center_axis',(0.,0.,-1.));
#2925=DIRECTION('ref_axis',(0.999999999999948,3.21156038997662E-7,0.));
#2926=DIRECTION('',(0.,0.,1.));
#2927=DIRECTION('center_axis',(0.,0.,-1.));
#2928=DIRECTION('ref_axis',(0.999999999999948,3.21156038997662E-7,0.));
#2929=DIRECTION('center_axis',(1.,1.22305906628487E-12,0.));
#2930=DIRECTION('ref_axis',(1.22305906628487E-12,-1.,0.));
#2931=DIRECTION('',(0.,0.,1.));
#2932=DIRECTION('',(1.22305906628487E-12,-1.,0.));
#2933=DIRECTION('center_axis',(0.,0.,-1.));
#2934=DIRECTION('ref_axis',(0.707107127905795,-0.707106434467131,0.));
#2935=DIRECTION('',(0.,0.,1.));
#2936=DIRECTION('',(0.,0.,-1.));
#2937=DIRECTION('center_axis',(0.,0.,-1.));
#2938=DIRECTION('ref_axis',(0.707107127905795,-0.707106434467131,0.));
#2939=DIRECTION('center_axis',(0.70710678116991,-0.707106781203186,0.));
#2940=DIRECTION('ref_axis',(-0.707106781203186,-0.70710678116991,0.));
#2941=DIRECTION('',(0.,0.,1.));
#2942=DIRECTION('',(-0.707106781203186,-0.70710678116991,0.));
#2943=DIRECTION('center_axis',(0.,0.,-1.));
#2944=DIRECTION('ref_axis',(1.37417957958941E-5,-0.999999999905582,0.));
#2945=DIRECTION('',(0.,0.,1.));
#2946=DIRECTION('center_axis',(0.,0.,-1.));
#2947=DIRECTION('ref_axis',(1.37417957958941E-5,-0.999999999905582,0.));
#2948=DIRECTION('center_axis',(-3.93465023313928E-12,-1.,0.));
#2949=DIRECTION('ref_axis',(-1.,3.93465023313928E-12,0.));
#2950=DIRECTION('',(0.,0.,1.));
#2951=DIRECTION('',(-1.,3.93465023313928E-12,0.));
#2952=DIRECTION('center_axis',(0.,0.,-1.));
#2953=DIRECTION('ref_axis',(-0.242520110442333,-0.970146378662024,0.));
#2954=DIRECTION('',(0.,0.,1.));
#2955=DIRECTION('center_axis',(0.,0.,-1.));
#2956=DIRECTION('ref_axis',(-0.242520110442333,-0.970146378662024,0.));
#2957=DIRECTION('center_axis',(-0.24253559881344,-0.970142506701055,0.));
#2958=DIRECTION('ref_axis',(-0.970142506701055,0.24253559881344,0.));
#2959=DIRECTION('',(0.,0.,1.));
#2960=DIRECTION('',(-0.970142506701055,0.24253559881344,0.));
#2961=DIRECTION('center_axis',(0.,0.,1.));
#2962=DIRECTION('ref_axis',(1.,0.,0.));
#2963=DIRECTION('',(0.968492933034025,-0.249041038110492,0.));
#2964=DIRECTION('center_axis',(0.,0.,-1.));
#2965=DIRECTION('ref_axis',(0.999999999999891,4.66310108998987E-7,0.));
#2966=DIRECTION('',(1.26125227090521E-12,-1.,0.));
#2967=DIRECTION('center_axis',(0.,0.,-1.));
#2968=DIRECTION('ref_axis',(0.707106453856775,-0.707107108516169,0.));
#2969=DIRECTION('',(-0.707106781190593,-0.707106781182502,0.));
#2970=DIRECTION('center_axis',(0.,0.,-1.));
#2971=DIRECTION('ref_axis',(1.84263614202796E-5,-0.999999999830235,0.));
#2972=DIRECTION('',(-1.,3.22824903073123E-13,0.));
#2973=DIRECTION('center_axis',(0.,0.,-1.));
#2974=DIRECTION('ref_axis',(-0.242514830917607,-0.970147698438235,0.));
#2975=DIRECTION('',(-0.970142506701055,0.242535598813439,0.));
#2976=DIRECTION('',(-1.,2.42468790541557E-12,0.));
#2977=DIRECTION('',(-0.904248629616767,-0.427006341681477,0.));
#2978=DIRECTION('center_axis',(0.,0.,-1.));
#2979=DIRECTION('ref_axis',(-1.46351754552759E-6,-0.999999999998929,0.));
#2980=DIRECTION('',(-1.,0.,0.));
#2981=DIRECTION('center_axis',(0.,0.,-1.));
#2982=DIRECTION('ref_axis',(-0.999999999999998,5.53448980143376E-8,0.));
#2983=DIRECTION('',(1.25359824340312E-12,1.,0.));
#2984=DIRECTION('center_axis',(0.,0.,-1.));
#2985=DIRECTION('ref_axis',(-0.22680550526472,0.973940071452867,0.));
#2986=DIRECTION('',(0.97393983220757,0.226806532620844,0.));
#2987=DIRECTION('',(0.970142506598943,0.242535599221889,0.));
#2988=DIRECTION('center_axis',(0.,0.,-1.));
#2989=DIRECTION('ref_axis',(2.5038099501071E-5,0.999999999686547,0.));
#2990=DIRECTION('',(1.,5.02402139031086E-13,0.));
#2991=DIRECTION('center_axis',(0.,0.,-1.));
#2992=DIRECTION('ref_axis',(0.216953746504037,0.976181884629018,0.));
#2993=DIRECTION('',(0.976187054922279,-0.216930481496186,0.));
#2994=DIRECTION('',(1.,-9.78098756258791E-13,0.));
#2995=DIRECTION('center_axis',(0.,0.,-1.));
#2996=DIRECTION('ref_axis',(0.249032219487999,0.968495200636989,0.));
#2997=DIRECTION('',(0.968492933034025,-0.249041038110492,0.));
#2998=DIRECTION('center_axis',(1.16416096174719E-12,0.707106781186543,-0.707106781186553));
#2999=DIRECTION('ref_axis',(-1.,0.,-1.64637222088817E-12));
#3000=DIRECTION('',(-1.16814878926072E-12,-0.707106781186552,-0.707106781186542));
#3001=DIRECTION('',(-1.,1.6463722208882E-12,0.));
#3002=DIRECTION('',(0.0773879160330479,0.704986209242875,0.704986209247687));
#3003=DIRECTION('center_axis',(0.301939079814001,-0.639400337880013,-0.707106781186547));
#3004=DIRECTION('ref_axis',(-0.919665371858163,0.,-0.392702946010069));
#3005=DIRECTION('',(-0.904248629615853,-0.427006341683413,0.));
#3006=DIRECTION('',(-0.301939079813999,0.639400337880013,-0.707106781186548));
#3007=DIRECTION('',(0.904248629615853,0.427006341683413,0.));
#3008=DIRECTION('',(0.156604330019712,-0.69838208876657,0.698382088765971));
#3009=DIRECTION('center_axis',(0.,0.,1.));
#3010=DIRECTION('ref_axis',(-7.1935428382717E-7,-0.999999999999741,0.));
#3011=DIRECTION('',(5.08660291448888E-7,0.707106781186367,-0.707106781186545));
#3012=DIRECTION('center_axis',(0.,0.,1.));
#3013=DIRECTION('ref_axis',(-7.1935428382717E-7,-0.999999999999741,0.));
#3014=DIRECTION('center_axis',(0.,0.,-1.));
#3015=DIRECTION('ref_axis',(-7.1935428382717E-7,-0.999999999999741,0.));
#3016=DIRECTION('center_axis',(0.,-0.707106781186549,-0.707106781186546));
#3017=DIRECTION('ref_axis',(-1.,0.,0.));
#3018=DIRECTION('',(0.,0.707106781186546,-0.707106781186549));
#3019=DIRECTION('',(1.,0.,0.));
#3020=DIRECTION('',(-1.,0.,0.));
#3021=DIRECTION('center_axis',(0.,0.,1.));
#3022=DIRECTION('ref_axis',(-1.,2.72040612134583E-8,0.));
#3023=DIRECTION('',(0.707106781186552,-1.92361761686592E-8,-0.707106781186542));
#3024=DIRECTION('center_axis',(0.,0.,1.));
#3025=DIRECTION('ref_axis',(-1.,2.72040612134583E-8,0.));
#3026=DIRECTION('center_axis',(0.,0.,-1.));
#3027=DIRECTION('ref_axis',(-1.,2.72040612134583E-8,0.));
#3028=DIRECTION('center_axis',(-0.707106781186549,1.34953295984664E-12,
-0.707106781186546));
#3029=DIRECTION('ref_axis',(-0.707106781186546,0.,0.707106781186549));
#3030=DIRECTION('',(0.707106781186546,-1.35027951446805E-12,-0.707106781186549));
#3031=DIRECTION('',(-1.90852781468463E-12,-1.,0.));
#3032=DIRECTION('',(1.90852781468463E-12,1.,0.));
#3033=DIRECTION('center_axis',(0.,0.,1.));
#3034=DIRECTION('ref_axis',(-0.226805826315857,0.973939996688287,0.));
#3035=DIRECTION('',(0.160375937800557,-0.688679576127089,-0.707106781186551));
#3036=DIRECTION('center_axis',(0.,0.,1.));
#3037=DIRECTION('ref_axis',(-0.226805826315857,0.973939996688287,0.));
#3038=DIRECTION('center_axis',(0.,0.,-1.));
#3039=DIRECTION('ref_axis',(-0.226805826315857,0.973939996688287,0.));
#3040=DIRECTION('center_axis',(-0.160376437233594,0.688679459821663,-0.707106781186548));
#3041=DIRECTION('ref_axis',(-0.975231013835853,0.,0.221188764752403));
#3042=DIRECTION('',(0.165945284310563,-0.687370733272541,-0.707095211167107));
#3043=DIRECTION('',(-0.973939832207574,-0.226806532620827,0.));
#3044=DIRECTION('',(0.973939832207574,0.226806532620827,0.));
#3045=DIRECTION('center_axis',(-2.74688827060686E-12,-0.707106781186552,
-0.707106781186543));
#3046=DIRECTION('ref_axis',(-1.,0.,3.88468664661582E-12));
#3047=DIRECTION('',(-1.,3.88468664661577E-12,0.));
#3048=DIRECTION('',(1.,-3.88468664661577E-12,0.));
#3049=DIRECTION('',(-0.0867208696043373,-0.704442861682624,0.704442861699558));
#3050=DIRECTION('center_axis',(-0.171498566886826,0.685994345133956,-0.707106781186547));
#3051=DIRECTION('ref_axis',(-0.971825321554709,0.,0.23570223669937));
#3052=DIRECTION('',(0.97014250659969,0.242535599218898,0.));
#3053=DIRECTION('',(0.17149856688683,-0.685994345133955,-0.707106781186547));
#3054=DIRECTION('',(-0.97014250659969,-0.242535599218898,0.));
#3055=DIRECTION('center_axis',(0.,0.,1.));
#3056=DIRECTION('ref_axis',(1.86718826414766E-5,0.99999999982568,0.));
#3057=DIRECTION('',(-1.32030148322933E-5,-0.707106781063286,-0.707106781186547));
#3058=DIRECTION('center_axis',(0.,0.,1.));
#3059=DIRECTION('ref_axis',(1.86718826414766E-5,0.99999999982568,0.));
#3060=DIRECTION('center_axis',(0.,0.,-1.));
#3061=DIRECTION('ref_axis',(1.86718826414766E-5,0.99999999982568,0.));
#3062=DIRECTION('center_axis',(6.48236354131152E-12,0.707106781186549,-0.707106781186546));
#3063=DIRECTION('ref_axis',(-1.,0.,-9.16744643635566E-12));
#3064=DIRECTION('',(-6.48134166944663E-12,-0.707106781186546,-0.707106781186549));
#3065=DIRECTION('',(-1.,9.16744643635563E-12,0.));
#3066=DIRECTION('',(1.,-9.16744643635563E-12,0.));
#3067=DIRECTION('center_axis',(0.,0.,1.));
#3068=DIRECTION('ref_axis',(0.216944393162421,0.976183963336516,0.));
#3069=DIRECTION('',(-0.153402851545546,-0.690266300160809,-0.70710678118655));
#3070=DIRECTION('center_axis',(0.,0.,1.));
#3071=DIRECTION('ref_axis',(0.216944393162421,0.976183963336516,0.));
#3072=DIRECTION('center_axis',(0.,0.,-1.));
#3073=DIRECTION('ref_axis',(0.216944393162421,0.976183963336516,0.));
#3074=DIRECTION('center_axis',(0.153393014520721,0.690268486240137,-0.707106781186544));
#3075=DIRECTION('ref_axis',(-0.977269753138967,0.,-0.211999598112127));
#3076=DIRECTION('',(-0.976187054919544,0.216930481508496,0.));
#3077=DIRECTION('center_axis',(0.,0.,1.));
#3078=DIRECTION('ref_axis',(0.249034875739457,0.968494517622807,0.));
#3079=DIRECTION('',(-0.176094249387319,-0.684829040953084,-0.707106781186544));
#3080=DIRECTION('center_axis',(0.,0.,1.));
#3081=DIRECTION('ref_axis',(0.249034875739457,0.968494517622807,0.));
#3082=DIRECTION('center_axis',(0.176098606841683,0.684827920479604,-0.707106781186547));
#3083=DIRECTION('ref_axis',(-0.970361055244491,0.,-0.241659724540104));
#3084=DIRECTION('',(-0.176098606841671,-0.684827920479605,-0.70710678118655));
#3085=DIRECTION('',(-0.968492933034019,0.249041038110516,0.));
#3086=DIRECTION('center_axis',(0.,0.,1.));
#3087=DIRECTION('ref_axis',(0.999999999999948,3.21156038997662E-7,0.));
#3088=DIRECTION('',(-0.707106781186509,-2.27091610237545E-7,-0.707106781186549));
#3089=DIRECTION('center_axis',(0.,0.,1.));
#3090=DIRECTION('ref_axis',(0.999999999999948,3.21156038997662E-7,0.));
#3091=DIRECTION('center_axis',(0.707106781186555,8.64833359561727E-13,-0.70710678118654));
#3092=DIRECTION('ref_axis',(-0.70710678118654,0.,-0.707106781186555));
#3093=DIRECTION('',(-0.70710678118654,-8.63550852276085E-13,-0.707106781186555));
#3094=DIRECTION('',(-1.22305906628487E-12,1.,0.));
#3095=DIRECTION('center_axis',(0.,0.,1.));
#3096=DIRECTION('ref_axis',(0.707107127905794,-0.707106434467131,0.));
#3097=DIRECTION('',(-0.499999886236967,0.500000113763003,-0.70710678118655));
#3098=DIRECTION('center_axis',(0.,0.,1.));
#3099=DIRECTION('ref_axis',(0.707107127905794,-0.707106434467131,0.));
#3100=DIRECTION('center_axis',(0.499999999988244,-0.500000000011773,-0.707106781186536));
#3101=DIRECTION('ref_axis',(-0.816496580934121,0.,-0.577350269180582));
#3102=DIRECTION('',(-0.499999999988224,0.500000000011763,-0.707106781186557));
#3103=DIRECTION('',(0.707106781203186,0.70710678116991,0.));
#3104=DIRECTION('center_axis',(0.,0.,1.));
#3105=DIRECTION('ref_axis',(1.37417957958941E-5,-0.999999999905582,0.));
#3106=DIRECTION('',(-9.71691698890821E-6,0.707106781119784,-0.707106781186547));
#3107=DIRECTION('center_axis',(0.,0.,1.));
#3108=DIRECTION('ref_axis',(1.37417957958941E-5,-0.999999999905582,0.));
#3109=DIRECTION('center_axis',(-2.78221786144999E-12,-0.707106781186543,
-0.707106781186553));
#3110=DIRECTION('ref_axis',(-1.,0.,3.93465023313922E-12));
#3111=DIRECTION('',(2.78220383678763E-12,0.707106781186552,-0.707106781186542));
#3112=DIRECTION('',(1.,-3.93465023313928E-12,0.));
#3113=DIRECTION('center_axis',(0.,0.,1.));
#3114=DIRECTION('ref_axis',(-0.242520110442333,-0.970146378662024,0.));
#3115=DIRECTION('',(0.171487614667887,0.685997083095488,-0.707106781186548));
#3116=DIRECTION('center_axis',(0.,0.,1.));
#3117=DIRECTION('ref_axis',(-0.242520110442333,-0.970146378662024,0.));
#3118=DIRECTION('center_axis',(-0.171498566600124,-0.685994345205634,-0.707106781186545));
#3119=DIRECTION('ref_axis',(-0.971825321644967,0.,0.235702236327227));
#3120=DIRECTION('',(0.970142506701055,-0.24253559881344,0.));
#3121=DIRECTION('center_axis',(0.,0.,-1.));
#3122=DIRECTION('ref_axis',(0.216944393162421,0.976183963336516,0.));
#3123=DIRECTION('',(0.,0.,1.));
#3124=DIRECTION('center_axis',(9.16744643635563E-12,1.,0.));
#3125=DIRECTION('ref_axis',(1.,-9.16744643635563E-12,0.));
#3126=DIRECTION('',(0.,0.,1.));
#3127=DIRECTION('center_axis',(0.,0.,-1.));
#3128=DIRECTION('ref_axis',(1.86718826414766E-5,0.99999999982568,0.));
#3129=DIRECTION('',(0.,0.,1.));
#3130=DIRECTION('center_axis',(-0.242535599218898,0.97014250659969,0.));
#3131=DIRECTION('ref_axis',(0.97014250659969,0.242535599218898,0.));
#3132=DIRECTION('',(0.,0.,1.));
#3133=DIRECTION('center_axis',(-0.226806532620827,0.973939832207574,0.));
#3134=DIRECTION('ref_axis',(0.973939832207574,0.226806532620827,0.));
#3135=DIRECTION('',(0.,0.,1.));
#3136=DIRECTION('center_axis',(0.,0.,-1.));
#3137=DIRECTION('ref_axis',(-0.226805826315857,0.973939996688287,0.));
#3138=DIRECTION('',(0.,0.,-1.));
#3139=DIRECTION('',(0.,0.,1.));
#3140=DIRECTION('center_axis',(-1.,1.90852781468463E-12,0.));
#3141=DIRECTION('ref_axis',(1.90852781468463E-12,1.,0.));
#3142=DIRECTION('',(0.,0.,-1.));
#3143=DIRECTION('center_axis',(0.,0.,-1.));
#3144=DIRECTION('ref_axis',(-1.,2.72040612134583E-8,0.));
#3145=DIRECTION('',(0.,0.,-1.));
#3146=DIRECTION('',(0.,0.,1.));
#3147=DIRECTION('center_axis',(0.,-1.,0.));
#3148=DIRECTION('ref_axis',(-1.,0.,0.));
#3149=DIRECTION('',(0.,0.,1.));
#3150=DIRECTION('center_axis',(0.,0.,-1.));
#3151=DIRECTION('ref_axis',(-7.1935428382717E-7,-0.999999999999741,0.));
#3152=DIRECTION('',(0.,0.,1.));
#3153=DIRECTION('center_axis',(0.427006341683413,-0.904248629615853,0.));
#3154=DIRECTION('ref_axis',(-0.904248629615853,-0.427006341683413,0.));
#3155=DIRECTION('',(0.,0.,1.));
#3156=DIRECTION('center_axis',(0.,0.,1.));
#3157=DIRECTION('ref_axis',(1.,0.,0.));
#3158=DIRECTION('center_axis',(0.,1.,0.));
#3159=DIRECTION('ref_axis',(-1.,0.,0.));
#3160=DIRECTION('',(1.,0.,0.));
#3161=DIRECTION('',(0.,0.,1.));
#3162=DIRECTION('',(0.,0.,1.));
#3163=DIRECTION('center_axis',(0.,0.,1.));
#3164=DIRECTION('ref_axis',(-1.46351754552759E-6,-0.999999999998929,0.));
#3165=DIRECTION('center_axis',(0.,0.,1.));
#3166=DIRECTION('ref_axis',(-1.46351754552759E-6,-0.999999999998929,0.));
#3167=DIRECTION('',(0.,0.,1.));
#3168=DIRECTION('center_axis',(-0.427006341681477,0.904248629616767,0.));
#3169=DIRECTION('ref_axis',(-0.904248629616767,-0.427006341681477,0.));
#3170=DIRECTION('',(0.904248629616767,0.427006341681477,0.));
#3171=DIRECTION('',(0.,0.,1.));
#3172=DIRECTION('center_axis',(2.42468790541557E-12,1.,0.));
#3173=DIRECTION('ref_axis',(-1.,2.42468790541557E-12,0.));
#3174=DIRECTION('',(1.,-2.42468790541557E-12,0.));
#3175=DIRECTION('',(0.,0.,1.));
#3176=DIRECTION('center_axis',(0.242535598813439,0.970142506701055,0.));
#3177=DIRECTION('ref_axis',(-0.970142506701055,0.242535598813439,0.));
#3178=DIRECTION('',(0.970142506701055,-0.242535598813439,0.));
#3179=DIRECTION('',(0.,0.,1.));
#3180=DIRECTION('center_axis',(0.,0.,1.));
#3181=DIRECTION('ref_axis',(-0.242514830917607,-0.970147698438235,0.));
#3182=DIRECTION('center_axis',(0.,0.,1.));
#3183=DIRECTION('ref_axis',(-0.242514830917607,-0.970147698438235,0.));
#3184=DIRECTION('',(0.,0.,1.));
#3185=DIRECTION('center_axis',(3.22824903073123E-13,1.,0.));
#3186=DIRECTION('ref_axis',(-1.,3.22824903073123E-13,0.));
#3187=DIRECTION('',(1.,-3.22824903073123E-13,0.));
#3188=DIRECTION('',(0.,0.,1.));
#3189=DIRECTION('center_axis',(0.,0.,1.));
#3190=DIRECTION('ref_axis',(1.84263614202796E-5,-0.999999999830235,0.));
#3191=DIRECTION('center_axis',(0.,0.,1.));
#3192=DIRECTION('ref_axis',(1.84263614202796E-5,-0.999999999830235,0.));
#3193=DIRECTION('',(0.,0.,1.));
#3194=DIRECTION('center_axis',(-0.707106781182502,0.707106781190593,0.));
#3195=DIRECTION('ref_axis',(-0.707106781190593,-0.707106781182502,0.));
#3196=DIRECTION('',(0.707106781190593,0.707106781182502,0.));
#3197=DIRECTION('',(0.,0.,1.));
#3198=DIRECTION('center_axis',(0.,0.,1.));
#3199=DIRECTION('ref_axis',(0.707106453856775,-0.707107108516169,0.));
#3200=DIRECTION('center_axis',(0.,0.,1.));
#3201=DIRECTION('ref_axis',(0.707106453856775,-0.707107108516169,0.));
#3202=DIRECTION('',(0.,0.,1.));
#3203=DIRECTION('center_axis',(-1.,-1.26125227090521E-12,0.));
#3204=DIRECTION('ref_axis',(1.26125227090521E-12,-1.,0.));
#3205=DIRECTION('',(-1.26125227090521E-12,1.,0.));
#3206=DIRECTION('',(0.,0.,1.));
#3207=DIRECTION('center_axis',(0.,0.,1.));
#3208=DIRECTION('ref_axis',(0.999999999999891,4.66310108998987E-7,0.));
#3209=DIRECTION('center_axis',(0.,0.,1.));
#3210=DIRECTION('ref_axis',(0.999999999999891,4.66310108998987E-7,0.));
#3211=DIRECTION('',(0.,0.,1.));
#3212=DIRECTION('center_axis',(-0.249041038110492,-0.968492933034025,0.));
#3213=DIRECTION('ref_axis',(0.968492933034025,-0.249041038110492,0.));
#3214=DIRECTION('',(0.,0.,1.));
#3215=DIRECTION('',(-0.968492933034025,0.249041038110492,0.));
#3216=DIRECTION('center_axis',(0.,0.,1.));
#3217=DIRECTION('ref_axis',(0.249032219487999,0.968495200636989,0.));
#3218=DIRECTION('center_axis',(0.,0.,1.));
#3219=DIRECTION('ref_axis',(0.249032219487999,0.968495200636989,0.));
#3220=DIRECTION('',(0.,0.,1.));
#3221=DIRECTION('center_axis',(-9.78098756258791E-13,-1.,0.));
#3222=DIRECTION('ref_axis',(1.,-9.78098756258791E-13,0.));
#3223=DIRECTION('',(-1.,9.78098756258791E-13,0.));
#3224=DIRECTION('',(0.,0.,1.));
#3225=DIRECTION('center_axis',(-0.216930481496186,-0.976187054922279,0.));
#3226=DIRECTION('ref_axis',(0.976187054922279,-0.216930481496186,0.));
#3227=DIRECTION('',(-0.976187054922279,0.216930481496186,0.));
#3228=DIRECTION('',(0.,0.,1.));
#3229=DIRECTION('center_axis',(0.,0.,1.));
#3230=DIRECTION('ref_axis',(0.216953746504037,0.976181884629018,0.));
#3231=DIRECTION('center_axis',(0.,0.,1.));
#3232=DIRECTION('ref_axis',(0.216953746504037,0.976181884629018,0.));
#3233=DIRECTION('',(0.,0.,1.));
#3234=DIRECTION('center_axis',(5.02402139031086E-13,-1.,0.));
#3235=DIRECTION('ref_axis',(1.,5.02402139031086E-13,0.));
#3236=DIRECTION('',(-1.,-5.02402139031086E-13,0.));
#3237=DIRECTION('',(0.,0.,1.));
#3238=DIRECTION('center_axis',(0.,0.,1.));
#3239=DIRECTION('ref_axis',(2.5038099501071E-5,0.999999999686547,0.));
#3240=DIRECTION('center_axis',(0.,0.,1.));
#3241=DIRECTION('ref_axis',(2.5038099501071E-5,0.999999999686547,0.));
#3242=DIRECTION('',(0.,0.,1.));
#3243=DIRECTION('center_axis',(0.242535599221889,-0.970142506598943,0.));
#3244=DIRECTION('ref_axis',(0.970142506598943,0.242535599221889,0.));
#3245=DIRECTION('',(-0.970142506598943,-0.242535599221889,0.));
#3246=DIRECTION('',(0.,0.,1.));
#3247=DIRECTION('center_axis',(0.226806532620844,-0.97393983220757,0.));
#3248=DIRECTION('ref_axis',(0.97393983220757,0.226806532620844,0.));
#3249=DIRECTION('',(-0.97393983220757,-0.226806532620844,0.));
#3250=DIRECTION('',(0.,0.,1.));
#3251=DIRECTION('center_axis',(0.,0.,1.));
#3252=DIRECTION('ref_axis',(-0.22680550526472,0.973940071452867,0.));
#3253=DIRECTION('center_axis',(0.,0.,1.));
#3254=DIRECTION('ref_axis',(-0.22680550526472,0.973940071452867,0.));
#3255=DIRECTION('',(0.,0.,1.));
#3256=DIRECTION('center_axis',(1.,-1.25359824340312E-12,0.));
#3257=DIRECTION('ref_axis',(1.25359824340312E-12,1.,0.));
#3258=DIRECTION('',(-1.25359824340312E-12,-1.,0.));
#3259=DIRECTION('',(0.,0.,1.));
#3260=DIRECTION('center_axis',(0.,0.,1.));
#3261=DIRECTION('ref_axis',(-0.999999999999998,5.53448980143376E-8,0.));
#3262=DIRECTION('center_axis',(0.,0.,1.));
#3263=DIRECTION('ref_axis',(-0.999999999999998,5.53448980143376E-8,0.));
#3264=DIRECTION('center_axis',(0.,0.,1.));
#3265=DIRECTION('ref_axis',(1.,0.,0.));
#3266=DIRECTION('center_axis',(0.,0.,1.));
#3267=DIRECTION('ref_axis',(1.,0.,0.));
#3268=DIRECTION('',(0.,0.,-1.));
#3269=DIRECTION('center_axis',(0.,0.,-1.));
#3270=DIRECTION('ref_axis',(1.,0.,0.));
#3271=DIRECTION('center_axis',(0.,0.,1.));
#3272=DIRECTION('ref_axis',(1.,0.,0.));
#3273=DIRECTION('center_axis',(0.,0.,1.));
#3274=DIRECTION('ref_axis',(1.,0.,0.));
#3275=DIRECTION('center_axis',(0.,0.,1.));
#3276=DIRECTION('ref_axis',(1.,0.,0.));
#3277=DIRECTION('',(0.,0.,-1.));
#3278=DIRECTION('center_axis',(0.,0.,-1.));
#3279=DIRECTION('ref_axis',(1.,0.,0.));
#3280=DIRECTION('center_axis',(0.,0.,1.));
#3281=DIRECTION('ref_axis',(1.,0.,0.));
#3282=DIRECTION('center_axis',(0.,0.,1.));
#3283=DIRECTION('ref_axis',(1.,0.,0.));
#3284=DIRECTION('center_axis',(0.,0.,1.));
#3285=DIRECTION('ref_axis',(1.,0.,0.));
#3286=DIRECTION('',(0.,0.,-1.));
#3287=DIRECTION('center_axis',(0.,0.,-1.));
#3288=DIRECTION('ref_axis',(1.,0.,0.));
#3289=DIRECTION('center_axis',(0.,0.,1.));
#3290=DIRECTION('ref_axis',(1.,0.,0.));
#3291=DIRECTION('center_axis',(0.,0.,1.));
#3292=DIRECTION('ref_axis',(1.,0.,0.));
#3293=DIRECTION('center_axis',(0.,0.,1.));
#3294=DIRECTION('ref_axis',(1.,0.,0.));
#3295=DIRECTION('',(0.,0.,-1.));
#3296=DIRECTION('center_axis',(0.,0.,-1.));
#3297=DIRECTION('ref_axis',(1.,0.,0.));
#3298=DIRECTION('center_axis',(0.,0.,1.));
#3299=DIRECTION('ref_axis',(1.,0.,0.));
#3300=DIRECTION('center_axis',(-3.88468664661577E-12,-1.,0.));
#3301=DIRECTION('ref_axis',(-1.,3.88468664661577E-12,0.));
#3302=DIRECTION('center_axis',(0.,0.,1.));
#3303=DIRECTION('ref_axis',(1.,0.,0.));
#3304=CARTESIAN_POINT('',(0.,0.,0.));
#3305=CARTESIAN_POINT('Origin',(0.,0.,0.));
#3306=CARTESIAN_POINT('',(-22.9,-2.80444117004744E-15,0.));
#3307=CARTESIAN_POINT('Origin',(0.,0.,0.));
#3308=CARTESIAN_POINT('',(-22.9,-2.80444117004744E-15,-0.6));
#3309=CARTESIAN_POINT('',(-22.9,2.80444117004744E-15,0.));
#3310=CARTESIAN_POINT('Origin',(0.,0.,-0.6));
#3311=CARTESIAN_POINT('Origin',(0.,0.,0.));
#3312=CARTESIAN_POINT('',(-28.1,-3.44125750560406E-15,0.));
#3313=CARTESIAN_POINT('Origin',(0.,0.,0.));
#3314=CARTESIAN_POINT('',(-28.1,-3.44125750560406E-15,-0.6));
#3315=CARTESIAN_POINT('',(-28.1,3.44125750560406E-15,0.));
#3316=CARTESIAN_POINT('Origin',(0.,0.,-0.6));
#3317=CARTESIAN_POINT('Origin',(0.,0.,-0.6));
#3318=CARTESIAN_POINT('Origin',(52.2,-4.2,0.));
#3319=CARTESIAN_POINT('',(52.2,-4.2,0.));
#3320=CARTESIAN_POINT('',(31.8,-4.2,0.));
#3321=CARTESIAN_POINT('',(26.0999969146111,-4.2,0.));
#3322=CARTESIAN_POINT('',(52.2,-4.2,-0.6));
#3323=CARTESIAN_POINT('',(52.2,-4.2,0.));
#3324=CARTESIAN_POINT('',(31.8,-4.2,-0.6));
#3325=CARTESIAN_POINT('',(31.8,-4.2,-0.6));
#3326=CARTESIAN_POINT('',(31.8,-4.2,0.));
#3327=CARTESIAN_POINT('Origin',(52.2,4.2,0.));
#3328=CARTESIAN_POINT('',(52.2,4.2,0.));
#3329=CARTESIAN_POINT('',(52.2,2.09999453134714,0.));
#3330=CARTESIAN_POINT('',(52.2,4.2,-0.6));
#3331=CARTESIAN_POINT('',(52.2,4.2,0.));
#3332=CARTESIAN_POINT('',(52.2,-4.2,-0.6));
#3333=CARTESIAN_POINT('Origin',(31.8,4.2,0.));
#3334=CARTESIAN_POINT('',(31.8,4.2,0.));
#3335=CARTESIAN_POINT('',(15.8999969146111,4.2,0.));
#3336=CARTESIAN_POINT('',(31.8,4.2,-0.6));
#3337=CARTESIAN_POINT('',(31.8,4.2,0.));
#3338=CARTESIAN_POINT('',(52.2,4.2,-0.6));
#3339=CARTESIAN_POINT('Origin',(31.8,-4.2,0.));
#3340=CARTESIAN_POINT('',(31.8,-2.10000546865286,0.));
#3341=CARTESIAN_POINT('',(31.8,4.2,-0.6));
#3342=CARTESIAN_POINT('Origin',(42.,0.,-0.6));
#3343=CARTESIAN_POINT('Origin',(-6.17077783537923E-6,-1.09373057277651E-5,
0.));
#3344=CARTESIAN_POINT('Origin',(71.1500005068028,-9.00000366257075,5.96));
#3345=CARTESIAN_POINT('',(71.1500005068132,-8.50000366257074,5.96));
#3346=CARTESIAN_POINT('',(71.1500005068138,-9.00000366257074,6.46));
#3347=CARTESIAN_POINT('Origin',(71.1500005067648,-9.00000366257075,5.96));
#3348=CARTESIAN_POINT('',(68.1500005068138,-9.00000366257075,6.46));
#3349=CARTESIAN_POINT('',(71.1500005068028,-9.00000366257075,6.46));
#3350=CARTESIAN_POINT('',(68.1500005068131,-8.50000366257074,5.96));
#3351=CARTESIAN_POINT('Origin',(68.1500005067632,-9.00000366257075,5.96));
#3352=CARTESIAN_POINT('',(71.1500005068028,-8.50000366257075,5.96));
#3353=CARTESIAN_POINT('Origin',(71.1500005068028,-13.5000036625707,6.46));
#3354=CARTESIAN_POINT('',(71.1500005068187,-13.0000036625707,6.46));
#3355=CARTESIAN_POINT('',(71.1500005067921,8.7807601086891,6.46));
#3356=CARTESIAN_POINT('',(68.1500005068188,-13.0000036625707,6.46));
#3357=CARTESIAN_POINT('',(71.1500005068028,-13.0000036625707,6.46));
#3358=CARTESIAN_POINT('',(68.1500005067913,8.78075983742666,6.46));
#3359=CARTESIAN_POINT('Origin',(71.1500005068028,-9.00000366257075,4.96));
#3360=CARTESIAN_POINT('',(71.1500005068138,-9.00000366257075,4.46));
#3361=CARTESIAN_POINT('',(71.1500005068132,-8.50000366257074,4.96));
#3362=CARTESIAN_POINT('Origin',(71.1500005067648,-9.00000366257075,4.96));
#3363=CARTESIAN_POINT('',(68.1500005068131,-8.50000366257074,4.96));
#3364=CARTESIAN_POINT('',(71.1500005068028,-8.50000366257075,4.96));
#3365=CARTESIAN_POINT('',(68.1500005068138,-9.00000366257075,4.46));
#3366=CARTESIAN_POINT('Origin',(68.1500005067632,-9.00000366257075,4.96));
#3367=CARTESIAN_POINT('',(71.1500005068028,-9.00000366257075,4.46));
#3368=CARTESIAN_POINT('Origin',(71.1500005068028,-8.50000366257075,6.46));
#3369=CARTESIAN_POINT('',(68.1500005068131,-8.50000366257074,3.23));
#3370=CARTESIAN_POINT('',(71.1500005068132,-8.50000366257074,3.23));
#3371=CARTESIAN_POINT('Origin',(71.1500005068028,-13.0000036625707,5.96));
#3372=CARTESIAN_POINT('',(71.1500005068193,-13.5000036625707,5.96));
#3373=CARTESIAN_POINT('Origin',(71.1500005067648,-13.0000036625707,5.96));
#3374=CARTESIAN_POINT('',(68.1500005068195,-13.5000036625707,5.96));
#3375=CARTESIAN_POINT('',(71.1500005068028,-13.5000036625707,5.96));
#3376=CARTESIAN_POINT('Origin',(68.1500005067632,-13.0000036625707,5.96));
#3377=CARTESIAN_POINT('Origin',(71.1500005068028,-13.5000036625707,4.46));
#3378=CARTESIAN_POINT('',(71.1500005068193,-13.5000036625707,4.96));
#3379=CARTESIAN_POINT('',(71.1500005068193,-13.5000036625707,2.23));
#3380=CARTESIAN_POINT('',(68.1500005068195,-13.5000036625707,4.96));
#3381=CARTESIAN_POINT('',(71.1500005068028,-13.5000036625707,4.96));
#3382=CARTESIAN_POINT('',(68.1500005068195,-13.5000036625707,2.23));
#3383=CARTESIAN_POINT('Origin',(71.1500005068028,-13.0000036625707,4.96));
#3384=CARTESIAN_POINT('',(71.1500005068187,-13.0000036625707,4.46));
#3385=CARTESIAN_POINT('Origin',(71.1500005067648,-13.0000036625707,4.96));
#3386=CARTESIAN_POINT('',(68.1500005068188,-13.0000036625707,4.46));
#3387=CARTESIAN_POINT('',(71.1500005068028,-13.0000036625707,4.46));
#3388=CARTESIAN_POINT('Origin',(68.1500005067632,-13.0000036625707,4.96));
#3389=CARTESIAN_POINT('Origin',(71.1500005068028,-8.50000366257075,4.46));
#3390=CARTESIAN_POINT('',(68.1500005067882,11.2807598374267,4.46));
#3391=CARTESIAN_POINT('',(71.150000506789,11.2807601086891,4.46));
#3392=CARTESIAN_POINT('Origin',(52.7500005068161,0.,9.58999999999999));
#3393=CARTESIAN_POINT('',(50.7500005068161,40.8432538685055,9.58999999999999));
#3394=CARTESIAN_POINT('',(51.4030482529896,40.7141070826153,8.11158205303377));
#3395=CARTESIAN_POINT('Ctrl Pts',(51.4030482529888,40.7141070826155,8.11158205303448));
#3396=CARTESIAN_POINT('Ctrl Pts',(51.3800249620262,40.7200272012116,8.13255803869284));
#3397=CARTESIAN_POINT('Ctrl Pts',(51.3575925989644,40.7256470208934,8.15398078310547));
#3398=CARTESIAN_POINT('Ctrl Pts',(51.1599680887167,40.7739944735603,8.35160529335311));
#3399=CARTESIAN_POINT('Ctrl Pts',(51.005728283204,40.8027170995978,8.57570403592171));
#3400=CARTESIAN_POINT('Ctrl Pts',(50.8007449170463,40.836864991948,9.06876599309905));
#3401=CARTESIAN_POINT('Ctrl Pts',(50.7500005068161,40.8432538685055,9.33766164482493));
#3402=CARTESIAN_POINT('Ctrl Pts',(50.7500005068161,40.8432538685055,9.58999999999999));
#3403=CARTESIAN_POINT('',(50.7500005068161,37.7844374747374,9.58999999999999));
#3404=CARTESIAN_POINT('',(50.7500005068161,0.,9.58999999999999));
#3405=CARTESIAN_POINT('',(52.7500005068161,37.2701517641948,7.58999999999999));
#3406=CARTESIAN_POINT('Origin',(52.7500005068161,37.2701517641948,9.58999999999999));
#3407=CARTESIAN_POINT('',(52.7500005068161,40.3677479341522,7.58999999999999));
#3408=CARTESIAN_POINT('',(52.7500005068161,0.,7.58999999999999));
#3409=CARTESIAN_POINT('Origin',(52.7500005068161,40.3677479341522,9.58999999999999));
#3410=CARTESIAN_POINT('Origin',(63.7500005068161,0.,7.58999999999999));
#3411=CARTESIAN_POINT('',(61.750000506816,34.9558660667526,7.58999999999999));
#3412=CARTESIAN_POINT('',(61.3565278404106,35.0570447516633,7.58999999999999));
#3413=CARTESIAN_POINT('',(61.750000506816,38.0534622367098,7.58999999999999));
#3414=CARTESIAN_POINT('',(61.750000506816,0.,7.58999999999999));
#3415=CARTESIAN_POINT('',(62.103645563041,37.9625249371995,7.58999999999999));
#3416=CARTESIAN_POINT('Origin',(61.750000506816,0.,9.58999999999999));
#3417=CARTESIAN_POINT('',(63.7500005068161,34.4415803562099,9.58999999999999));
#3418=CARTESIAN_POINT('Origin',(61.750000506816,34.9558660667526,9.58999999999999));
#3419=CARTESIAN_POINT('',(63.7500005068161,37.5391765261671,9.58999999999999));
#3420=CARTESIAN_POINT('',(63.7500005068161,0.,9.58999999999999));
#3421=CARTESIAN_POINT('Origin',(61.750000506816,38.0534622367098,9.58999999999999));
#3422=CARTESIAN_POINT('Origin',(63.7500005068161,0.,14.59));
#3423=CARTESIAN_POINT('',(63.7500005068161,34.4415803562099,13.6));
#3424=CARTESIAN_POINT('',(63.7500005068161,34.4415803562099,7.29499999999999));
#3425=CARTESIAN_POINT('',(63.7500005068161,37.0229104978403,13.6));
#3426=CARTESIAN_POINT('',(63.7500005068161,-5.46865286388254E-6,13.6));
#3427=CARTESIAN_POINT('',(63.7500005068161,37.5391765261671,13.1));
#3428=CARTESIAN_POINT('Origin',(63.7500005068161,37.0229104978403,13.1));
#3429=CARTESIAN_POINT('',(63.7500005068161,37.5391765261671,7.29499999999999));
#3430=CARTESIAN_POINT('Origin',(50.7500005068161,0.,7.58999999999999));
#3431=CARTESIAN_POINT('',(50.7500005068161,40.8432538685055,13.1));
#3432=CARTESIAN_POINT('',(50.7500005068161,40.8432538685055,0.));
#3433=CARTESIAN_POINT('',(50.7500005068161,40.337941719706,13.6));
#3434=CARTESIAN_POINT('Ctrl Pts',(50.7500005068161,40.337941719706,13.6));
#3435=CARTESIAN_POINT('Ctrl Pts',(50.7500005068161,40.4005647897139,13.6));
#3436=CARTESIAN_POINT('Ctrl Pts',(50.7500005068161,40.4742930877976,13.5854634091453));
#3437=CARTESIAN_POINT('Ctrl Pts',(50.7500005068161,40.5897339830198,13.5379374086466));
#3438=CARTESIAN_POINT('Ctrl Pts',(50.7500005068161,40.651961886833,13.496681345125));
#3439=CARTESIAN_POINT('Ctrl Pts',(50.7500005068161,40.7399268901422,13.4092437841574));
#3440=CARTESIAN_POINT('Ctrl Pts',(50.7500005068161,40.7813432268012,13.3477107579506));
#3441=CARTESIAN_POINT('Ctrl Pts',(50.7500005068161,40.8287586121318,13.2338745815853));
#3442=CARTESIAN_POINT('Ctrl Pts',(50.7500005068161,40.8432538685055,13.1615054447712));
#3443=CARTESIAN_POINT('Ctrl Pts',(50.7500005068161,40.8432538685055,13.1));
#3444=CARTESIAN_POINT('',(50.7500005068161,37.7844374747374,13.6));
#3445=CARTESIAN_POINT('',(50.7500005068161,-5.46865286388254E-6,13.6));
#3446=CARTESIAN_POINT('',(50.7500005068161,37.7844374747374,3.795));
#3447=CARTESIAN_POINT('Origin',(49.9336878745361,34.9997770446281,13.1));
#3448=CARTESIAN_POINT('',(49.9337296716465,40.8999963374167,13.1));
#3449=CARTESIAN_POINT('Origin',(49.9336878745361,34.9997770446281,13.1));
#3450=CARTESIAN_POINT('',(49.9337261296501,40.3999963374352,13.6));
#3451=CARTESIAN_POINT('Origin',(49.9337261296501,40.3999963374352,13.1));
#3452=CARTESIAN_POINT('Origin',(49.9336878745361,34.9997770446281,13.6));
#3453=CARTESIAN_POINT('Origin',(49.9336878745361,34.9997770446281,0.));
#3454=CARTESIAN_POINT('',(51.4030482529896,40.7141070826153,7.58999999999999));
#3455=CARTESIAN_POINT('',(51.4030482529896,40.7141070826153,0.));
#3456=CARTESIAN_POINT('',(51.4030482529896,40.7141070826153,-0.5));
#3457=CARTESIAN_POINT('',(51.4030482529896,40.7141070826153,0.));
#3458=CARTESIAN_POINT('',(49.9337296716465,40.8999963374167,-0.5));
#3459=CARTESIAN_POINT('Origin',(49.9336878745361,34.9997770446281,-0.5));
#3460=CARTESIAN_POINT('',(49.9337296716465,40.8999963374167,0.));
#3461=CARTESIAN_POINT('Origin',(51.4030482529896,40.7141070826153,0.));
#3462=CARTESIAN_POINT('',(66.7193475045888,36.7756301608683,13.1));
#3463=CARTESIAN_POINT('',(32.2055771077183,45.6505996269002,13.1));
#3464=CARTESIAN_POINT('',(66.7193475045888,36.7756301608683,-0.5));
#3465=CARTESIAN_POINT('',(66.7193475045888,36.7756301608683,0.));
#3466=CARTESIAN_POINT('',(32.2055771077183,45.6505996269002,-0.5));
#3467=CARTESIAN_POINT('Origin',(46.2500005068161,-24.5000036625721,1.4));
#3468=CARTESIAN_POINT('',(44.250000506816,-24.5000036625721,3.2));
#3469=CARTESIAN_POINT('Origin',(46.2500005068161,-24.5000036625721,3.2));
#3470=CARTESIAN_POINT('',(44.250000506816,-24.5000036625721,-0.4));
#3471=CARTESIAN_POINT('',(44.250000506816,-24.5000036625721,1.4));
#3472=CARTESIAN_POINT('Origin',(46.2500005068161,-24.5000036625721,-0.4));
#3473=CARTESIAN_POINT('Origin',(46.2500005068161,-24.5000036625721,-0.4));
#3474=CARTESIAN_POINT('Origin',(-34.749999493184,32.4999963374279,1.4));
#3475=CARTESIAN_POINT('',(-36.749999493184,32.4999963374279,3.2));
#3476=CARTESIAN_POINT('Origin',(-34.749999493184,32.4999963374279,3.2));
#3477=CARTESIAN_POINT('',(-36.749999493184,32.4999963374279,-0.4));
#3478=CARTESIAN_POINT('',(-36.749999493184,32.4999963374279,1.4));
#3479=CARTESIAN_POINT('Origin',(-34.749999493184,32.4999963374279,-0.4));
#3480=CARTESIAN_POINT('Origin',(-34.749999493184,32.4999963374279,-0.4));
#3481=CARTESIAN_POINT('Origin',(-25.749999493184,-35.5000036625722,1.4));
#3482=CARTESIAN_POINT('',(-27.749999493184,-35.5000036625722,3.2));
#3483=CARTESIAN_POINT('Origin',(-25.749999493184,-35.5000036625722,3.2));
#3484=CARTESIAN_POINT('',(-27.749999493184,-35.5000036625722,-0.4));
#3485=CARTESIAN_POINT('',(-27.749999493184,-35.5000036625722,1.4));
#3486=CARTESIAN_POINT('Origin',(-25.749999493184,-35.5000036625722,-0.4));
#3487=CARTESIAN_POINT('Origin',(-25.749999493184,-35.5000036625722,-0.4));
#3488=CARTESIAN_POINT('Origin',(44.2500005068161,19.4999963374278,1.4));
#3489=CARTESIAN_POINT('',(42.2500005068161,19.4999963374278,3.2));
#3490=CARTESIAN_POINT('Origin',(44.2500005068161,19.4999963374278,3.2));
#3491=CARTESIAN_POINT('',(42.2500005068161,19.4999963374278,-0.4));
#3492=CARTESIAN_POINT('',(42.2500005068161,19.4999963374278,1.4));
#3493=CARTESIAN_POINT('Origin',(44.2500005068161,19.4999963374278,-0.4));
#3494=CARTESIAN_POINT('Origin',(44.2500005068161,19.4999963374278,-0.4));
#3495=CARTESIAN_POINT('Origin',(8.69099549019642,44.0394064177212,13.1));
#3496=CARTESIAN_POINT('',(25.1232250950571,40.8999963374542,13.1));
#3497=CARTESIAN_POINT('',(7.75547875757336,44.759495965851,13.1));
#3498=CARTESIAN_POINT('',(8.79946073095067,44.527499945181,13.1));
#3499=CARTESIAN_POINT('',(7.64701351681911,44.2714024383913,13.6));
#3500=CARTESIAN_POINT('Origin',(7.64701351681911,44.2714024383913,13.1));
#3501=CARTESIAN_POINT('',(25.0683389745784,40.3999963374577,13.6));
#3502=CARTESIAN_POINT('',(8.69099549019642,44.0394064177212,13.6));
#3503=CARTESIAN_POINT('Origin',(25.0683389745784,40.3999963374577,13.1));
#3504=CARTESIAN_POINT('Origin',(6.47563658698611,39.0005944136284,13.1));
#3505=CARTESIAN_POINT('',(6.47552665835286,44.8999963373595,13.1));
#3506=CARTESIAN_POINT('',(6.47553597528318,44.3999963374463,13.6));
#3507=CARTESIAN_POINT('Origin',(6.47553597528318,44.3999963374463,13.1));
#3508=CARTESIAN_POINT('Origin',(6.47563658698611,39.0005944136284,13.6));
#3509=CARTESIAN_POINT('Origin',(6.47563658698611,39.0005944136284,13.1));
#3510=CARTESIAN_POINT('Origin',(-6.47109936388769,44.3999963374781,13.1));
#3511=CARTESIAN_POINT('',(-12.9421925574029,44.8999963373083,13.1));
#3512=CARTESIAN_POINT('',(-12.9421925574075,44.3999963375375,13.6));
#3513=CARTESIAN_POINT('Origin',(-12.9421925574075,44.3999963375375,13.1));
#3514=CARTESIAN_POINT('',(-6.47109936388769,44.3999963374781,13.6));
#3515=CARTESIAN_POINT('',(-6.47109936388311,44.8999963374781,13.1));
#3516=CARTESIAN_POINT('Origin',(-12.942302711154,39.0005509974981,13.1));
#3517=CARTESIAN_POINT('',(-14.251970724698,44.2387548579925,13.6));
#3518=CARTESIAN_POINT('',(-14.3732385243075,44.7238261112924,13.1));
#3519=CARTESIAN_POINT('Origin',(-14.251970724698,44.2387548579925,13.1));
#3520=CARTESIAN_POINT('Origin',(-12.942302711154,39.0005509974981,13.6));
#3521=CARTESIAN_POINT('Origin',(-12.942302711154,39.0005509974981,13.1));
#3522=CARTESIAN_POINT('Origin',(6.77972633366538,-36.4966868778265,13.1));
#3523=CARTESIAN_POINT('',(4.33144039251673,-36.4000036625719,13.1));
#3524=CARTESIAN_POINT('',(21.6268356226137,-40.7238519732943,13.1));
#3525=CARTESIAN_POINT('',(6.65845853425866,-36.981758131177,13.1));
#3526=CARTESIAN_POINT('',(21.7481034219993,-40.2387807200285,13.6));
#3527=CARTESIAN_POINT('Origin',(21.7481034219993,-40.2387807200285,13.1));
#3528=CARTESIAN_POINT('',(4.3929931985137,-35.9000036625839,13.6));
#3529=CARTESIAN_POINT('',(6.77972633366538,-36.4966868778265,13.6));
#3530=CARTESIAN_POINT('Origin',(4.3929931985137,-35.9000036625839,13.1));
#3531=CARTESIAN_POINT('Origin',(2.16571710957419,-35.9000036625753,13.1));
#3532=CARTESIAN_POINT('',(-10.5997080390571,-35.9000036625257,13.6));
#3533=CARTESIAN_POINT('',(2.16571710957419,-35.9000036625753,13.6));
#3534=CARTESIAN_POINT('',(-10.487588661614,-36.4000036625261,13.1));
#3535=CARTESIAN_POINT('Origin',(-10.5997080390571,-35.9000036625257,13.1));
#3536=CARTESIAN_POINT('',(2.16571710957224,-36.4000036625753,13.1));
#3537=CARTESIAN_POINT('Origin',(-21.5885884058474,42.4046006451499,13.1));
#3538=CARTESIAN_POINT('',(-32.0509674499599,40.304394379925,13.1));
#3539=CARTESIAN_POINT('',(-31.9336239792707,39.8183420443026,13.6));
#3540=CARTESIAN_POINT('Ctrl Pts',(-32.050967449912,40.3043943797335,13.1));
#3541=CARTESIAN_POINT('Ctrl Pts',(-32.0510991823852,40.3043614466189,13.1263643653099));
#3542=CARTESIAN_POINT('Ctrl Pts',(-32.0507241181396,40.3023013263996,13.152728455816));
#3543=CARTESIAN_POINT('Ctrl Pts',(-32.0498485742195,40.2982392872561,13.1787636523214));
#3544=CARTESIAN_POINT('Ctrl Pts',(-32.0489730706599,40.2941774353632,13.2047976486642));
#3545=CARTESIAN_POINT('Ctrl Pts',(-32.0475971546572,40.2881139334714,13.2305022387327));
#3546=CARTESIAN_POINT('Ctrl Pts',(-32.0457396167223,40.2801239436327,13.2555570532013));
#3547=CARTESIAN_POINT('Ctrl Pts',(-32.0438812984369,40.2721305972046,13.2806223931806));
#3548=CARTESIAN_POINT('Ctrl Pts',(-32.0415409941603,40.2622093065938,13.3050368873929));
#3549=CARTESIAN_POINT('Ctrl Pts',(-32.0387495405485,40.2504834184378,13.3284959908696));
#3550=CARTESIAN_POINT('Ctrl Pts',(-32.0359584927637,40.2387592350145,13.3519516838159));
#3551=CARTESIAN_POINT('Ctrl Pts',(-32.0327164880834,40.2252312238053,13.3744517748497));
#3552=CARTESIAN_POINT('Ctrl Pts',(-32.0290655984927,40.2100676727693,13.3957156804516));
#3553=CARTESIAN_POINT('Ctrl Pts',(-32.025415168083,40.1949060288891,13.4169769116415));
#3554=CARTESIAN_POINT('Ctrl Pts',(-32.0213560347151,40.1781095729908,13.4370018254894));
#3555=CARTESIAN_POINT('Ctrl Pts',(-32.0169404469339,40.1598872992786,13.4555407673239));
#3556=CARTESIAN_POINT('Ctrl Pts',(-32.0125253280056,40.1416669604309,13.4740777406695));
#3557=CARTESIAN_POINT('Ctrl Pts',(-32.0077539253145,40.1220214863712,13.4911286717139));
#3558=CARTESIAN_POINT('Ctrl Pts',(-32.0026873543058,40.1011953389071,13.5064810280058));
#3559=CARTESIAN_POINT('Ctrl Pts',(-31.997618926835,40.0803615604534,13.5218390096142));
#3560=CARTESIAN_POINT('Ctrl Pts',(-31.9922552227558,40.058346675432,13.5354968484488));
#3561=CARTESIAN_POINT('Ctrl Pts',(-31.9866647909133,40.0354248792554,13.5472841811674));
#3562=CARTESIAN_POINT('Ctrl Pts',(-31.9810758593053,40.0125092343148,13.5590683506668));
#3563=CARTESIAN_POINT('Ctrl Pts',(-31.9752604412076,39.9886876433134,13.5689827740715));
#3564=CARTESIAN_POINT('Ctrl Pts',(-31.9692926798943,39.9642566793805,13.5769038482773));
#3565=CARTESIAN_POINT('Ctrl Pts',(-31.9633234467371,39.9398196899781,13.5848268760773));
#3566=CARTESIAN_POINT('Ctrl Pts',(-31.9572019223658,39.9147735356498,13.5907554039377));
#3567=CARTESIAN_POINT('Ctrl Pts',(-31.9510061050014,39.8894302093161,13.5946154845833));
#3568=CARTESIAN_POINT('Ctrl Pts',(-31.9452546765809,39.8659046082898,13.5981987047179));
#3569=CARTESIAN_POINT('Ctrl Pts',(-31.9394393509384,39.8421234183466,13.6));
#3570=CARTESIAN_POINT('Ctrl Pts',(-31.9336239792707,39.8183420443025,13.6));
#3571=CARTESIAN_POINT('',(-21.5885884058474,42.4046006451499,13.6));
#3572=CARTESIAN_POINT('',(-21.7098562054569,42.8896718984497,13.1));
#3573=CARTESIAN_POINT('Origin',(-38.4565873560117,38.2993049733729,13.1));
#3574=CARTESIAN_POINT('',(-66.5881565162271,32.2615360435586,13.1));
#3575=CARTESIAN_POINT('',(-38.5699906223221,38.7862748894767,13.1));
#3576=CARTESIAN_POINT('',(-66.4747532499167,31.7745661274548,13.6));
#3577=CARTESIAN_POINT('Origin',(-66.4747532499167,31.7745661274548,13.1));
#3578=CARTESIAN_POINT('',(-38.4565873560117,38.2993049733729,13.6));
#3579=CARTESIAN_POINT('Origin',(-65.250002917677,26.5152933984278,13.1));
#3580=CARTESIAN_POINT('',(-71.1499994931001,26.515288786049,13.1));
#3581=CARTESIAN_POINT('',(-70.6499994931008,26.5152891769288,13.6));
#3582=CARTESIAN_POINT('Origin',(-70.6499994931008,26.5152891769288,13.1));
#3583=CARTESIAN_POINT('Origin',(-65.250002917677,26.5152933984278,13.6));
#3584=CARTESIAN_POINT('Origin',(-65.250002917677,26.5152933984278,13.1));
#3585=CARTESIAN_POINT('Origin',(-70.6499994931879,-19.50000729987,13.1));
#3586=CARTESIAN_POINT('',(-71.1499994932251,-39.0000036625682,13.1));
#3587=CARTESIAN_POINT('',(-71.1499994931879,-19.5000072998691,13.1));
#3588=CARTESIAN_POINT('',(-70.6499994932251,-39.0000036625692,13.6));
#3589=CARTESIAN_POINT('Origin',(-70.6499994932251,-39.0000036625692,13.1));
#3590=CARTESIAN_POINT('',(-70.6499994931879,-19.50000729987,13.6));
#3591=CARTESIAN_POINT('Origin',(-65.249999653767,-39.0000038230722,13.1));
#3592=CARTESIAN_POINT('',(-65.2499992943932,-44.9000036625303,13.1));
#3593=CARTESIAN_POINT('',(-65.2499993248486,-44.4000036625303,13.6));
#3594=CARTESIAN_POINT('Origin',(-65.2499993248486,-44.4000036625303,13.1));
#3595=CARTESIAN_POINT('Origin',(-65.249999653767,-39.0000038230722,13.6));
#3596=CARTESIAN_POINT('Origin',(-65.249999653767,-39.0000038230722,13.1));
#3597=CARTESIAN_POINT('Origin',(-14.9053021802189,-44.4000036625307,13.1));
#3598=CARTESIAN_POINT('',(-29.810596493184,-44.9000036625738,13.1));
#3599=CARTESIAN_POINT('',(-14.9053021802189,-44.9000036625307,13.1));
#3600=CARTESIAN_POINT('',(-29.810596493184,-44.4000036625307,13.6));
#3601=CARTESIAN_POINT('Origin',(-29.810596493184,-44.4000036625307,13.1));
#3602=CARTESIAN_POINT('',(-14.9053021802189,-44.4000036625307,13.6));
#3603=CARTESIAN_POINT('Origin',(-29.8105922490039,-39.0000179167722,13.1));
#3604=CARTESIAN_POINT('',(-27.2912564701321,-44.3350698409784,13.1));
#3605=CARTESIAN_POINT('',(-27.5047600180571,-43.8829457042377,13.6));
#3606=CARTESIAN_POINT('Origin',(-27.5047600180571,-43.8829457042377,13.1));
#3607=CARTESIAN_POINT('Origin',(-29.8105922490039,-39.0000179167722,13.6));
#3608=CARTESIAN_POINT('Origin',(-29.8105922490039,-39.0000179167722,13.1));
#3609=CARTESIAN_POINT('Origin',(0.613956562313457,-30.60466149504,13.1));
#3610=CARTESIAN_POINT('',(0.613956562313457,-30.60466149504,13.6));
#3611=CARTESIAN_POINT('',(0.827459733155163,-31.0567858098479,13.1));
#3612=CARTESIAN_POINT('Origin',(23.057828762416,-34.9994903525722,13.1));
#3613=CARTESIAN_POINT('',(23.0577234798129,-40.9000036624354,13.1));
#3614=CARTESIAN_POINT('',(23.0577324012913,-40.400003662515,13.6));
#3615=CARTESIAN_POINT('Origin',(23.0577324012913,-40.400003662515,13.1));
#3616=CARTESIAN_POINT('Origin',(23.057828762416,-34.9994903525722,13.6));
#3617=CARTESIAN_POINT('Origin',(23.057828762416,-34.9994903525722,13.1));
#3618=CARTESIAN_POINT('Origin',(22.8572439877112,-40.4000036624346,13.1));
#3619=CARTESIAN_POINT('',(45.7144941463572,-40.9000036624598,13.1));
#3620=CARTESIAN_POINT('',(45.7144941463592,-40.4000036625245,13.6));
#3621=CARTESIAN_POINT('Origin',(45.7144941463592,-40.4000036625245,13.1));
#3622=CARTESIAN_POINT('',(22.8572439877112,-40.4000036624346,13.6));
#3623=CARTESIAN_POINT('',(22.8572439877092,-40.9000036624346,13.1));
#3624=CARTESIAN_POINT('Origin',(45.714413067986,-34.9998744226721,13.1));
#3625=CARTESIAN_POINT('',(49.8863677597189,-39.1719625213224,13.1));
#3626=CARTESIAN_POINT('',(49.5328200218825,-38.8184034780626,13.6));
#3627=CARTESIAN_POINT('Origin',(49.5328200218825,-38.8184034780626,13.1));
#3628=CARTESIAN_POINT('Origin',(45.714413067986,-34.9998744226721,13.6));
#3629=CARTESIAN_POINT('Origin',(45.714413067986,-34.9998744226721,13.1));
#3630=CARTESIAN_POINT('Origin',(56.6219901836351,-31.7292333165532,13.1));
#3631=CARTESIAN_POINT('',(69.4219335577834,-19.6363967237437,13.1));
#3632=CARTESIAN_POINT('',(69.0683801674152,-19.2828433333589,13.6));
#3633=CARTESIAN_POINT('Origin',(69.0683801674152,-19.2828433333589,13.1));
#3634=CARTESIAN_POINT('',(56.6219901836351,-31.7292333165532,13.6));
#3635=CARTESIAN_POINT('',(56.9755435742201,-32.0827867071548,13.1));
#3636=CARTESIAN_POINT('Origin',(65.2500039083261,-15.4644711655722,13.1));
#3637=CARTESIAN_POINT('',(71.1500005068217,-15.4644623143942,13.1));
#3638=CARTESIAN_POINT('Origin',(65.2500039083261,-15.4644711655722,13.1));
#3639=CARTESIAN_POINT('',(70.6500005068738,-15.4644630644944,13.6));
#3640=CARTESIAN_POINT('Origin',(70.6500005068738,-15.4644630644944,13.1));
#3641=CARTESIAN_POINT('Origin',(65.2500039083261,-15.4644711655722,13.6));
#3642=CARTESIAN_POINT('Origin',(70.6500005067838,15.5307564713645,13.1));
#3643=CARTESIAN_POINT('',(71.150000506816,31.0615238799489,13.1));
#3644=CARTESIAN_POINT('',(70.6500005067648,31.0615238799483,13.6));
#3645=CARTESIAN_POINT('Origin',(70.6500005067648,31.0615238799483,13.1));
#3646=CARTESIAN_POINT('',(70.6500005067838,15.5307564713645,13.6));
#3647=CARTESIAN_POINT('',(71.1500005067838,15.5307564713651,13.1));
#3648=CARTESIAN_POINT('Origin',(65.2499990573761,31.0615219851279,13.1));
#3649=CARTESIAN_POINT('',(66.5948264803312,36.2913838242613,13.6));
#3650=CARTESIAN_POINT('Origin',(66.5948264803312,36.2913838242613,13.1));
#3651=CARTESIAN_POINT('Origin',(65.2499990573761,31.0615219851279,13.6));
#3652=CARTESIAN_POINT('Origin',(65.2499990573761,31.0615219851279,13.1));
#3653=CARTESIAN_POINT('Origin',(32.081056588663,45.1663531603832,13.1));
#3654=CARTESIAN_POINT('',(32.081056588663,45.1663531603832,13.6));
#3655=CARTESIAN_POINT('Origin',(12.5616094621725,40.3999963374782,13.1));
#3656=CARTESIAN_POINT('',(12.5616094621725,40.3999963374782,13.6));
#3657=CARTESIAN_POINT('',(12.5616094621733,40.8999963374782,13.1));
#3658=CARTESIAN_POINT('Origin',(7.75547875757336,44.759495965851,0.));
#3659=CARTESIAN_POINT('',(25.1232250950571,40.8999963374542,-0.5));
#3660=CARTESIAN_POINT('',(25.1232250950571,40.8999963374542,0.));
#3661=CARTESIAN_POINT('',(7.75547875757336,44.759495965851,-0.5));
#3662=CARTESIAN_POINT('',(8.79946073095067,44.527499945181,-0.5));
#3663=CARTESIAN_POINT('',(7.75547875757336,44.759495965851,0.));
#3664=CARTESIAN_POINT('Origin',(25.1232250950571,40.8999963374576,0.));
#3665=CARTESIAN_POINT('',(12.5616094621733,40.8999963374782,-0.5));
#3666=CARTESIAN_POINT('Origin',(65.2499990573761,31.0615219851279,0.));
#3667=CARTESIAN_POINT('',(71.150000506816,31.0615238799489,-0.5));
#3668=CARTESIAN_POINT('',(71.150000506816,31.0615238799489,0.));
#3669=CARTESIAN_POINT('Origin',(65.2499990573761,31.0615219851279,-0.5));
#3670=CARTESIAN_POINT('Origin',(71.1500005067648,31.061523879949,0.));
#3671=CARTESIAN_POINT('',(71.1500005068217,-15.4644623143942,-0.5));
#3672=CARTESIAN_POINT('',(71.1500005068217,-15.4644623143942,0.));
#3673=CARTESIAN_POINT('',(71.1500005067838,15.5307564713651,-0.5));
#3674=CARTESIAN_POINT('Origin',(65.2500039083261,-15.4644711655722,0.));
#3675=CARTESIAN_POINT('',(69.4219335577834,-19.6363967237437,0.));
#3676=CARTESIAN_POINT('',(69.4219335577834,-19.6363967237437,0.));
#3677=CARTESIAN_POINT('',(69.4219335577834,-19.6363967237437,-0.5));
#3678=CARTESIAN_POINT('',(69.4219335577834,-19.6363967237437,0.));
#3679=CARTESIAN_POINT('Origin',(65.2500039083261,-15.4644711655722,-0.5));
#3680=CARTESIAN_POINT('Origin',(69.4219305631351,-19.6363997188255,0.));
#3681=CARTESIAN_POINT('',(49.8863677597189,-39.1719625213224,-0.5));
#3682=CARTESIAN_POINT('',(49.8863677597189,-39.1719625213224,0.));
#3683=CARTESIAN_POINT('',(56.9755435742201,-32.0827867071548,-0.5));
#3684=CARTESIAN_POINT('Origin',(45.714413067986,-34.9998744226721,0.));
#3685=CARTESIAN_POINT('',(45.7144941463572,-40.9000036624598,-0.5));
#3686=CARTESIAN_POINT('',(45.7144941463572,-40.9000036624598,0.));
#3687=CARTESIAN_POINT('Origin',(45.714413067986,-34.9998744226721,-0.5));
#3688=CARTESIAN_POINT('Origin',(45.7144941463572,-40.9000036625245,0.));
#3689=CARTESIAN_POINT('',(23.0577234798129,-40.9000036624354,-0.5));
#3690=CARTESIAN_POINT('',(23.0577234798129,-40.9000036624354,0.));
#3691=CARTESIAN_POINT('',(22.8572439877092,-40.9000036624346,-0.5));
#3692=CARTESIAN_POINT('Origin',(23.057828762416,-34.9994903525722,0.));
#3693=CARTESIAN_POINT('',(21.6268356226137,-40.7238519732943,-0.5));
#3694=CARTESIAN_POINT('',(21.6268356226137,-40.7238519732943,0.));
#3695=CARTESIAN_POINT('Origin',(23.057828762416,-34.9994903525722,-0.5));
#3696=CARTESIAN_POINT('Origin',(21.6268356225926,-40.723851973379,0.));
#3697=CARTESIAN_POINT('',(4.33144039251673,-36.4000036625719,-0.5));
#3698=CARTESIAN_POINT('',(4.33144039251673,-36.4000036625719,0.));
#3699=CARTESIAN_POINT('',(6.65845853425866,-36.981758131177,-0.5));
#3700=CARTESIAN_POINT('Origin',(-6.17077783537923E-6,-1.09373057277651E-5,
13.6));
#3701=CARTESIAN_POINT('',(65.9722201609972,33.8701524492937,13.6));
#3702=CARTESIAN_POINT('',(65.9722201609972,33.8701524492937,13.6));
#3703=CARTESIAN_POINT('',(68.150000506816,31.0615233374278,13.6));
#3704=CARTESIAN_POINT('Origin',(65.2499990573761,31.0615219851279,13.6));
#3705=CARTESIAN_POINT('',(68.1500005068219,-15.4644695122717,13.6));
#3706=CARTESIAN_POINT('',(68.1500005068219,-15.4644695122717,13.6));
#3707=CARTESIAN_POINT('',(67.3006102192907,-17.5150793750468,13.6));
#3708=CARTESIAN_POINT('Origin',(65.2500039083261,-15.4644711655722,13.6));
#3709=CARTESIAN_POINT('',(47.7650701554863,-37.0506194387867,13.6));
#3710=CARTESIAN_POINT('',(47.7650701554863,-37.0506194387867,13.6));
#3711=CARTESIAN_POINT('',(45.7144665068156,-37.9000036625245,13.6));
#3712=CARTESIAN_POINT('Origin',(45.714413067986,-34.9998744226721,13.6));
#3713=CARTESIAN_POINT('',(23.0577593674231,-37.9000036625172,13.6));
#3714=CARTESIAN_POINT('',(23.0577593674231,-37.9000036625172,13.6));
#3715=CARTESIAN_POINT('',(22.3544112672725,-37.8134166653367,13.6));
#3716=CARTESIAN_POINT('Origin',(23.057828762416,-34.9994903525722,13.6));
#3717=CARTESIAN_POINT('',(4.70075722821395,-33.4000036625728,13.6));
#3718=CARTESIAN_POINT('',(4.70075722821395,-33.4000036625728,13.6));
#3719=CARTESIAN_POINT('',(-11.1603049262674,-33.4000036625344,13.6));
#3720=CARTESIAN_POINT('',(-11.1603049262674,-33.4000036625344,13.6));
#3721=CARTESIAN_POINT('',(-28.5722777576996,-41.6223250204978,13.6));
#3722=CARTESIAN_POINT('',(-28.5722777576996,-41.6223250204978,13.6));
#3723=CARTESIAN_POINT('',(-29.810596493184,-41.9000036625722,13.6));
#3724=CARTESIAN_POINT('Origin',(-29.8105922490039,-39.0000179167722,13.6));
#3725=CARTESIAN_POINT('',(-65.2499994771256,-41.9000036625303,13.6));
#3726=CARTESIAN_POINT('',(-65.2499994771257,-41.9000036625307,13.6));
#3727=CARTESIAN_POINT('',(-68.1499994932251,-39.000003662572,13.6));
#3728=CARTESIAN_POINT('Origin',(-65.249999653767,-39.0000038230722,13.6));
#3729=CARTESIAN_POINT('',(-68.149999493143,26.5152911313277,13.6));
#3730=CARTESIAN_POINT('',(-68.149999493143,26.5152911313277,13.6));
#3731=CARTESIAN_POINT('',(-65.9077381062322,29.3397162703102,13.6));
#3732=CARTESIAN_POINT('Origin',(-65.250002917677,26.5152933984278,13.6));
#3733=CARTESIAN_POINT('',(-31.3469081555432,37.3880799847782,13.6));
#3734=CARTESIAN_POINT('',(-31.3469081555432,37.3880799847782,13.6));
#3735=CARTESIAN_POINT('',(-13.6455941187548,41.8134079935241,13.6));
#3736=CARTESIAN_POINT('',(-13.6455941187548,41.8134079935241,13.6));
#3737=CARTESIAN_POINT('',(-12.9422301145531,41.8999963374279,13.6));
#3738=CARTESIAN_POINT('Origin',(-12.942302711154,39.0005509974981,13.6));
#3739=CARTESIAN_POINT('',(6.4755641391181,41.8999963374317,13.6));
#3740=CARTESIAN_POINT('',(6.47556413911809,41.8999963374317,13.6));
#3741=CARTESIAN_POINT('',(7.10467269718277,41.830938048833,13.6));
#3742=CARTESIAN_POINT('Origin',(6.47563658698611,39.0005944136284,13.6));
#3743=CARTESIAN_POINT('',(24.7939083722953,37.8999963374545,13.6));
#3744=CARTESIAN_POINT('',(24.7939083722953,37.8999963374545,13.6));
#3745=CARTESIAN_POINT('',(49.933721087579,37.89999633743,13.6));
#3746=CARTESIAN_POINT('',(49.933721087579,37.89999633743,13.6));
#3747=CARTESIAN_POINT('',(50.6559359220604,37.8086255106414,13.6));
#3748=CARTESIAN_POINT('Origin',(49.9336878745361,34.9997770446281,13.6));
#3749=CARTESIAN_POINT('',(65.9722201609972,33.8701524492937,13.6));
#3750=CARTESIAN_POINT('Origin',(12.5616094621729,40.6499963374782,-0.75));
#3751=CARTESIAN_POINT('',(49.9337296716457,40.3999963374167,-1.));
#3752=CARTESIAN_POINT('',(49.9337296716465,40.8999963374167,-0.5));
#3753=CARTESIAN_POINT('',(25.0683389745785,40.3999963374576,-1.));
#3754=CARTESIAN_POINT('',(12.5616094621725,40.3999963374782,-1.));
#3755=CARTESIAN_POINT('',(25.0683389745785,40.3999963374576,-1.));
#3756=CARTESIAN_POINT('Origin',(0.72070814773431,-30.8307236524439,-0.75));
#3757=CARTESIAN_POINT('',(-10.487588661614,-36.4000036625261,-0.5));
#3758=CARTESIAN_POINT('',(-27.2912564701321,-44.3350698409784,-0.5));
#3759=CARTESIAN_POINT('',(0.827459733155163,-31.0567858098479,-0.5));
#3760=CARTESIAN_POINT('',(-27.5047596409738,-43.8829455261704,-1.));
#3761=CARTESIAN_POINT('',(-27.2912564701321,-44.3350698409784,-0.5));
#3762=CARTESIAN_POINT('',(-10.5997080390571,-35.9000036625257,-1.));
#3763=CARTESIAN_POINT('',(0.613956562313457,-30.60466149504,-1.));
#3764=CARTESIAN_POINT('',(-10.5997080390571,-35.9000036625257,-1.));
#3765=CARTESIAN_POINT('Origin',(-29.8105922490039,-39.0000179167722,-0.75));
#3766=CARTESIAN_POINT('',(-29.810596493184,-44.9000036625738,-0.5));
#3767=CARTESIAN_POINT('',(-29.8105961335068,-44.4000036625739,-1.));
#3768=CARTESIAN_POINT('',(-29.810596493184,-44.9000036625738,-0.5));
#3769=CARTESIAN_POINT('Origin',(-29.8105922490039,-39.0000179167722,-1.));
#3770=CARTESIAN_POINT('Origin',(-29.8105922490039,-39.0000179167722,-0.5));
#3771=CARTESIAN_POINT('Origin',(-14.9053021802189,-44.6500036625307,-0.75));
#3772=CARTESIAN_POINT('',(-65.2499992943932,-44.9000036625303,-0.5));
#3773=CARTESIAN_POINT('',(-65.2499992943932,-44.4000036625307,-1.));
#3774=CARTESIAN_POINT('',(-65.2499992943932,-44.9000036625307,-0.5));
#3775=CARTESIAN_POINT('',(-14.9053021802189,-44.4000036625307,-1.));
#3776=CARTESIAN_POINT('',(-14.9053021802189,-44.9000036625307,-0.5));
#3777=CARTESIAN_POINT('Origin',(-65.249999653767,-39.0000038230722,-0.75));
#3778=CARTESIAN_POINT('',(-71.1499994932251,-39.0000036625682,-0.5));
#3779=CARTESIAN_POINT('',(-70.6499994932251,-39.0000036761702,-1.));
#3780=CARTESIAN_POINT('',(-71.1499994932251,-39.0000036625682,-0.5));
#3781=CARTESIAN_POINT('Origin',(-65.249999653767,-39.0000038230722,-1.));
#3782=CARTESIAN_POINT('Origin',(-65.249999653767,-39.0000038230722,-0.5));
#3783=CARTESIAN_POINT('Origin',(-70.8999994931879,-19.5000072998696,-0.75));
#3784=CARTESIAN_POINT('',(-71.1499994931001,26.515288786049,-0.5));
#3785=CARTESIAN_POINT('',(-70.6499994931001,26.5152854307126,-1.));
#3786=CARTESIAN_POINT('',(-71.1499994931001,26.5152854307135,-0.5));
#3787=CARTESIAN_POINT('',(-70.6499994931879,-19.50000729987,-1.));
#3788=CARTESIAN_POINT('',(-71.1499994931879,-19.5000072998691,-0.5));
#3789=CARTESIAN_POINT('Origin',(-65.250002917677,26.5152933984278,-0.75));
#3790=CARTESIAN_POINT('',(-66.5881565162271,32.2615360435586,-0.5));
#3791=CARTESIAN_POINT('',(-66.4747536030691,31.7745660452145,-1.));
#3792=CARTESIAN_POINT('',(-66.5881565162271,32.2615360435586,-0.5));
#3793=CARTESIAN_POINT('Origin',(-65.250002917677,26.5152933984278,-1.));
#3794=CARTESIAN_POINT('Origin',(-65.250002917677,26.5152933984278,-0.5));
#3795=CARTESIAN_POINT('Origin',(-38.5132889891669,38.5427899314248,-0.75));
#3796=CARTESIAN_POINT('',(-32.0509674499599,40.304394379925,-0.5));
#3797=CARTESIAN_POINT('',(-31.9336244940964,39.818341920216,-1.));
#3798=CARTESIAN_POINT('',(-32.0509674499599,40.304394379925,-0.5));
#3799=CARTESIAN_POINT('',(-38.4565873560117,38.2993049733729,-1.));
#3800=CARTESIAN_POINT('',(-38.5699906223221,38.7862748894767,-0.5));
#3801=CARTESIAN_POINT('Origin',(2.16571710957321,-36.1500036625753,-0.75));
#3802=CARTESIAN_POINT('',(2.16571710957224,-36.4000036625753,-0.5));
#3803=CARTESIAN_POINT('',(4.39299319851374,-35.9000036625839,-1.));
#3804=CARTESIAN_POINT('',(2.16571710957419,-35.9000036625753,-1.));
#3805=CARTESIAN_POINT('',(4.39299319851374,-35.9000036625839,-1.));
#3806=CARTESIAN_POINT('Origin',(-21.6492223056522,42.6471362717998,-0.75));
#3807=CARTESIAN_POINT('',(-14.3732385243075,44.7238261112924,-0.5));
#3808=CARTESIAN_POINT('',(-21.7098562054569,42.8896718984497,-0.5));
#3809=CARTESIAN_POINT('',(-14.251970724698,44.2387548579925,-1.));
#3810=CARTESIAN_POINT('',(-14.3732385243075,44.7238261112924,-0.5));
#3811=CARTESIAN_POINT('',(-21.5885884058474,42.4046006451499,-1.));
#3812=CARTESIAN_POINT('Origin',(-12.942302711154,39.0005509974981,-0.75));
#3813=CARTESIAN_POINT('',(-12.9421925574029,44.8999963373083,-0.5));
#3814=CARTESIAN_POINT('',(-12.9422018933443,44.3999963373955,-1.));
#3815=CARTESIAN_POINT('',(-12.9421925574029,44.8999963373083,-0.5));
#3816=CARTESIAN_POINT('Origin',(-12.942302711154,39.0005509974981,-1.));
#3817=CARTESIAN_POINT('Origin',(-12.942302711154,39.0005509974981,-0.5));
#3818=CARTESIAN_POINT('Origin',(-6.4710993638854,44.6499963374781,-0.75));
#3819=CARTESIAN_POINT('',(6.47552665835286,44.8999963373595,-0.5));
#3820=CARTESIAN_POINT('',(6.47552665834828,44.3999963373595,-1.));
#3821=CARTESIAN_POINT('',(6.47552665835286,44.8999963373595,-0.5));
#3822=CARTESIAN_POINT('',(-6.47109936388769,44.3999963374781,-1.));
#3823=CARTESIAN_POINT('',(-6.47109936388311,44.8999963374781,-0.5));
#3824=CARTESIAN_POINT('Origin',(6.47563658698611,39.0005944136284,-0.75));
#3825=CARTESIAN_POINT('',(7.64700656099215,44.2714039841828,-1.));
#3826=CARTESIAN_POINT('',(7.75547875757336,44.759495965851,-0.5));
#3827=CARTESIAN_POINT('Origin',(6.47563658698611,39.0005944136284,-1.));
#3828=CARTESIAN_POINT('Origin',(6.47563658698611,39.0005944136284,-0.5));
#3829=CARTESIAN_POINT('Origin',(8.74522811057354,44.2834531814511,-0.75));
#3830=CARTESIAN_POINT('',(8.69099549019642,44.0394064177212,-1.));
#3831=CARTESIAN_POINT('Origin',(49.9336878745361,34.9997770446281,-0.75));
#3832=CARTESIAN_POINT('',(51.2785308151199,40.2298598238039,-1.));
#3833=CARTESIAN_POINT('',(51.4030482529896,40.7141070826153,-0.5));
#3834=CARTESIAN_POINT('Origin',(49.9336878745361,34.9997770446281,-1.));
#3835=CARTESIAN_POINT('Origin',(32.1433168481906,45.4084763936417,-0.75));
#3836=CARTESIAN_POINT('',(66.5948269855336,36.2913836943513,-1.));
#3837=CARTESIAN_POINT('',(66.7193475045888,36.7756301608683,-0.5));
#3838=CARTESIAN_POINT('',(32.081056588663,45.1663531603832,-1.));
#3839=CARTESIAN_POINT('Origin',(65.2499990573761,31.0615219851279,-0.75));
#3840=CARTESIAN_POINT('',(70.6500005068161,31.0615237193709,-1.));
#3841=CARTESIAN_POINT('',(71.150000506816,31.0615238799489,-0.5));
#3842=CARTESIAN_POINT('Origin',(65.2499990573761,31.0615219851279,-1.));
#3843=CARTESIAN_POINT('Origin',(70.9000005067838,15.5307564713648,-0.75));
#3844=CARTESIAN_POINT('',(70.6500005068217,-15.4644623143948,-1.));
#3845=CARTESIAN_POINT('',(71.1500005068217,-15.4644623143942,-0.5));
#3846=CARTESIAN_POINT('',(70.6500005067838,15.5307564713645,-1.));
#3847=CARTESIAN_POINT('Origin',(65.2500039083261,-15.4644711655722,-0.75));
#3848=CARTESIAN_POINT('',(69.0683772527681,-19.2828462475733,-1.));
#3849=CARTESIAN_POINT('',(69.4219305629188,-19.6363997186092,-0.5));
#3850=CARTESIAN_POINT('Origin',(65.2500039083261,-15.4644711655722,-1.));
#3851=CARTESIAN_POINT('Origin',(56.7987668789276,-31.906010011854,-0.75));
#3852=CARTESIAN_POINT('',(49.532814369134,-38.8184091307208,-1.));
#3853=CARTESIAN_POINT('',(49.8863677597189,-39.1719625213224,-0.5));
#3854=CARTESIAN_POINT('',(56.6219901836351,-31.7292333165532,-1.));
#3855=CARTESIAN_POINT('Origin',(45.714413067986,-34.9998744226721,-0.75));
#3856=CARTESIAN_POINT('',(45.7144872754593,-40.400003662507,-1.));
#3857=CARTESIAN_POINT('',(45.7144941463572,-40.9000036624598,-0.5));
#3858=CARTESIAN_POINT('Origin',(45.714413067986,-34.9998744226721,-1.));
#3859=CARTESIAN_POINT('Origin',(22.8572439877102,-40.6500036624346,-0.75));
#3860=CARTESIAN_POINT('',(23.0577234798149,-40.4000036624354,-1.));
#3861=CARTESIAN_POINT('',(23.0577234798129,-40.9000036624354,-0.5));
#3862=CARTESIAN_POINT('',(22.8572439877112,-40.4000036624346,-1.));
#3863=CARTESIAN_POINT('Origin',(23.057828762416,-34.9994903525722,-0.75));
#3864=CARTESIAN_POINT('',(21.7480956778349,-40.2387787839633,-1.));
#3865=CARTESIAN_POINT('',(21.6268356226137,-40.7238519732943,-0.5));
#3866=CARTESIAN_POINT('Origin',(23.057828762416,-34.9994903525722,-1.));
#3867=CARTESIAN_POINT('Origin',(6.71909243396202,-36.7392225045018,-0.75));
#3868=CARTESIAN_POINT('',(6.77972633366538,-36.4966868778265,-1.));
#3869=CARTESIAN_POINT('Origin',(6.47563658698611,39.0005944136284,0.));
#3870=CARTESIAN_POINT('',(6.47552665835286,44.8999963373595,0.));
#3871=CARTESIAN_POINT('Origin',(-12.9421925574,44.8999963375375,0.));
#3872=CARTESIAN_POINT('',(-12.9421925574029,44.8999963373083,0.));
#3873=CARTESIAN_POINT('Origin',(-12.942302711154,39.0005509974981,0.));
#3874=CARTESIAN_POINT('',(-14.3732385243075,44.7238261112924,0.));
#3875=CARTESIAN_POINT('Origin',(-32.0509674380739,40.304394382693,0.));
#3876=CARTESIAN_POINT('',(-32.0509674499599,40.304394379925,0.));
#3877=CARTESIAN_POINT('Origin',(-66.5881565162271,32.2615360435586,0.));
#3878=CARTESIAN_POINT('',(-66.5881565162271,32.2615360435586,0.));
#3879=CARTESIAN_POINT('Origin',(-65.250002917677,26.5152933984278,0.));
#3880=CARTESIAN_POINT('',(-71.1499994931001,26.515288786049,0.));
#3881=CARTESIAN_POINT('',(-71.1499994931001,26.515288786049,0.));
#3882=CARTESIAN_POINT('',(-71.1499994931001,26.515288786049,0.));
#3883=CARTESIAN_POINT('Origin',(-71.1499994932251,-39.0000036625682,0.));
#3884=CARTESIAN_POINT('',(-71.1499994932251,-39.0000036625682,0.));
#3885=CARTESIAN_POINT('Origin',(-65.249999653767,-39.0000038230722,0.));
#3886=CARTESIAN_POINT('',(-65.2499992943932,-44.9000036625303,0.));
#3887=CARTESIAN_POINT('',(-65.2499992943932,-44.9000036625303,0.));
#3888=CARTESIAN_POINT('',(-65.2499992943932,-44.9000036625303,0.));
#3889=CARTESIAN_POINT('Origin',(-29.81059818966,-44.9000036625307,0.));
#3890=CARTESIAN_POINT('',(-29.810596493184,-44.9000036625738,0.));
#3891=CARTESIAN_POINT('Origin',(-29.8105922490039,-39.0000179167722,0.));
#3892=CARTESIAN_POINT('',(-27.2912564701321,-44.3350698409784,0.));
#3893=CARTESIAN_POINT('Origin',(-10.4875886616398,-36.400003662536,0.));
#3894=CARTESIAN_POINT('',(-10.487588661614,-36.4000036625261,0.));
#3895=CARTESIAN_POINT('Origin',(-6.17077783537923E-6,-1.09373057277651E-5,
-1.));
#3896=CARTESIAN_POINT('Origin',(-29.810596493184,-41.9000036625307,0.));
#3897=CARTESIAN_POINT('',(-65.2499994771256,-41.9000036625303,0.));
#3898=CARTESIAN_POINT('',(-29.810596493184,-41.9000036625722,0.));
#3899=CARTESIAN_POINT('',(-14.9053013319809,-41.9000036625307,0.));
#3900=CARTESIAN_POINT('',(-65.2499994771256,-41.9000036625303,0.));
#3901=CARTESIAN_POINT('',(-29.810596493184,-41.9000036625722,0.));
#3902=CARTESIAN_POINT('Origin',(-29.8105922490039,-39.0000179167722,0.));
#3903=CARTESIAN_POINT('',(-28.5722777576996,-41.6223250204978,0.));
#3904=CARTESIAN_POINT('Origin',(-29.8105922490039,-39.0000179167722,0.));
#3905=CARTESIAN_POINT('',(-28.5722777576996,-41.6223250204978,0.));
#3906=CARTESIAN_POINT('Origin',(-11.1603049262674,-33.4000036625344,0.));
#3907=CARTESIAN_POINT('',(-11.1603049262674,-33.4000036625344,0.));
#3908=CARTESIAN_POINT('',(-0.149407911696893,-28.2004128654591,0.));
#3909=CARTESIAN_POINT('',(-11.1603049262674,-33.4000036625344,0.));
#3910=CARTESIAN_POINT('Origin',(4.70075722821395,-33.4000036625728,0.));
#3911=CARTESIAN_POINT('',(4.70075722821395,-33.4000036625728,0.));
#3912=CARTESIAN_POINT('',(2.35037552867756,-33.4000036625671,0.));
#3913=CARTESIAN_POINT('',(4.70075722821395,-33.4000036625728,0.));
#3914=CARTESIAN_POINT('Origin',(22.3544112672725,-37.8134166653367,0.));
#3915=CARTESIAN_POINT('',(22.3544112672725,-37.8134166653367,0.));
#3916=CARTESIAN_POINT('',(7.38604975481879,-34.0713267171043,0.));
#3917=CARTESIAN_POINT('',(22.3544112672725,-37.8134166653367,0.));
#3918=CARTESIAN_POINT('Origin',(23.057828762416,-34.9994903525722,0.));
#3919=CARTESIAN_POINT('',(23.0577593674231,-37.9000036625172,0.));
#3920=CARTESIAN_POINT('Origin',(23.057828762416,-34.9994903525722,0.));
#3921=CARTESIAN_POINT('',(23.0577593674231,-37.9000036625172,0.));
#3922=CARTESIAN_POINT('Origin',(45.7144665068156,-37.9000036625245,0.));
#3923=CARTESIAN_POINT('',(45.7144665068156,-37.9000036625245,0.));
#3924=CARTESIAN_POINT('',(22.8572301680128,-37.9000036625172,0.));
#3925=CARTESIAN_POINT('',(45.7144665068156,-37.9000036625245,0.));
#3926=CARTESIAN_POINT('Origin',(45.714413067986,-34.9998744226721,0.));
#3927=CARTESIAN_POINT('',(47.7650701554863,-37.0506194387867,0.));
#3928=CARTESIAN_POINT('Origin',(45.714413067986,-34.9998744226721,0.));
#3929=CARTESIAN_POINT('',(47.7650701554863,-37.0506194387867,0.));
#3930=CARTESIAN_POINT('Origin',(67.3006102193702,-17.5150793751263,0.));
#3931=CARTESIAN_POINT('',(67.3006102192907,-17.5150793750468,0.));
#3932=CARTESIAN_POINT('',(54.8542232310958,-29.9614663632583,0.));
#3933=CARTESIAN_POINT('',(67.3006102192907,-17.5150793750468,0.));
#3934=CARTESIAN_POINT('Origin',(65.2500039083261,-15.4644711655722,0.));
#3935=CARTESIAN_POINT('',(68.1500005068219,-15.4644695122717,0.));
#3936=CARTESIAN_POINT('Origin',(65.2500039083261,-15.4644711655722,0.));
#3937=CARTESIAN_POINT('',(68.1500005068219,-15.4644695122717,0.));
#3938=CARTESIAN_POINT('Origin',(68.1500005067632,31.0615233374278,0.));
#3939=CARTESIAN_POINT('',(68.150000506816,31.0615233374278,0.));
#3940=CARTESIAN_POINT('',(68.1500005067828,15.530756200104,0.));
#3941=CARTESIAN_POINT('',(68.150000506816,31.0615233374278,0.));
#3942=CARTESIAN_POINT('Origin',(65.2499990573761,31.0615219851279,0.));
#3943=CARTESIAN_POINT('',(65.9722201609972,33.8701524492937,0.));
#3944=CARTESIAN_POINT('Origin',(65.2499990573761,31.0615219851279,0.));
#3945=CARTESIAN_POINT('',(65.9722201609972,33.8701524492937,0.));
#3946=CARTESIAN_POINT('Origin',(50.6559359220604,37.8086255106414,0.));
#3947=CARTESIAN_POINT('',(50.6559359220604,37.8086255106414,0.));
#3948=CARTESIAN_POINT('',(50.6559359220604,37.8086255106414,0.));
#3949=CARTESIAN_POINT('',(31.4584593850875,42.7451194413633,0.));
#3950=CARTESIAN_POINT('Origin',(49.9336878745361,34.9997770446281,0.));
#3951=CARTESIAN_POINT('',(49.933721087579,37.89999633743,0.));
#3952=CARTESIAN_POINT('Origin',(49.9336878745361,34.9997770446281,0.));
#3953=CARTESIAN_POINT('',(49.933721087579,37.89999633743,0.));
#3954=CARTESIAN_POINT('Origin',(24.7939083722953,37.8999963374545,0.));
#3955=CARTESIAN_POINT('',(24.7939083722953,37.8999963374545,0.));
#3956=CARTESIAN_POINT('',(12.3969511007773,37.8999963374667,0.));
#3957=CARTESIAN_POINT('',(24.7939083722953,37.8999963374545,0.));
#3958=CARTESIAN_POINT('Origin',(7.10467269718278,41.830938048833,0.));
#3959=CARTESIAN_POINT('',(7.10467269718278,41.830938048833,0.));
#3960=CARTESIAN_POINT('',(8.1486619782104,41.5989404042543,0.));
#3961=CARTESIAN_POINT('',(7.10467269718278,41.830938048833,0.));
#3962=CARTESIAN_POINT('Origin',(6.47563658698611,39.0005944136284,0.));
#3963=CARTESIAN_POINT('',(6.47556413911809,41.8999963374317,0.));
#3964=CARTESIAN_POINT('Origin',(6.47563658698611,39.0005944136284,0.));
#3965=CARTESIAN_POINT('',(6.47556413911809,41.8999963374317,0.));
#3966=CARTESIAN_POINT('Origin',(-12.942230114553,41.899996337422,0.));
#3967=CARTESIAN_POINT('',(-12.9422301145531,41.8999963374278,0.));
#3968=CARTESIAN_POINT('',(-6.47111814267595,41.8999963374252,0.));
#3969=CARTESIAN_POINT('',(-12.9422301145531,41.8999963374278,0.));
#3970=CARTESIAN_POINT('Origin',(-12.942302711154,39.0005509974981,0.));
#3971=CARTESIAN_POINT('',(-13.6455941187548,41.8134079935241,0.));
#3972=CARTESIAN_POINT('Origin',(-12.942302711154,39.0005509974981,0.));
#3973=CARTESIAN_POINT('',(-13.6455941187548,41.8134079935241,0.));
#3974=CARTESIAN_POINT('Origin',(-31.3469081555432,37.3880799847782,0.));
#3975=CARTESIAN_POINT('',(-31.3469081555432,37.3880799847782,0.));
#3976=CARTESIAN_POINT('',(-20.9940231654368,39.9763009396083,0.));
#3977=CARTESIAN_POINT('',(-31.3469081555432,37.3880799847782,0.));
#3978=CARTESIAN_POINT('Origin',(-65.9077381062322,29.3397162703102,0.));
#3979=CARTESIAN_POINT('',(-65.9077381062322,29.3397162703102,0.));
#3980=CARTESIAN_POINT('',(-37.8895716183938,35.8644552545413,0.));
#3981=CARTESIAN_POINT('',(-65.9077381062322,29.3397162703102,0.));
#3982=CARTESIAN_POINT('Origin',(-65.250002917677,26.5152933984278,0.));
#3983=CARTESIAN_POINT('',(-68.149999493143,26.5152911313277,0.));
#3984=CARTESIAN_POINT('Origin',(-65.250002917677,26.5152933984278,0.));
#3985=CARTESIAN_POINT('',(-68.149999493143,26.5152911313277,0.));
#3986=CARTESIAN_POINT('Origin',(-68.1499994932251,-39.000003662572,0.));
#3987=CARTESIAN_POINT('',(-68.1499994932251,-39.000003662572,0.));
#3988=CARTESIAN_POINT('',(-68.1499994932007,-19.5000072998961,0.));
#3989=CARTESIAN_POINT('',(-68.1499994932251,-39.000003662572,0.));
#3990=CARTESIAN_POINT('Origin',(-65.249999653767,-39.0000038230722,0.));
#3991=CARTESIAN_POINT('Origin',(-65.249999653767,-39.0000038230722,0.));
#3992=CARTESIAN_POINT('Origin',(44.2500005068161,19.4999963374278,0.));
#3993=CARTESIAN_POINT('',(40.650000506816,19.4999963374278,3.2));
#3994=CARTESIAN_POINT('Origin',(44.2500005068161,19.4999963374278,3.2));
#3995=CARTESIAN_POINT('',(40.650000506816,19.4999963374278,0.));
#3996=CARTESIAN_POINT('',(40.650000506816,19.4999963374278,0.));
#3997=CARTESIAN_POINT('Origin',(44.2500005068161,19.4999963374278,0.));
#3998=CARTESIAN_POINT('Origin',(44.2500005068161,19.4999963374278,3.2));
#3999=CARTESIAN_POINT('Origin',(-34.749999493184,32.4999963374279,0.));
#4000=CARTESIAN_POINT('',(-38.349999493184,32.4999963374279,3.2));
#4001=CARTESIAN_POINT('Origin',(-34.749999493184,32.4999963374279,3.2));
#4002=CARTESIAN_POINT('',(-38.349999493184,32.4999963374279,0.));
#4003=CARTESIAN_POINT('',(-38.349999493184,32.4999963374279,0.));
#4004=CARTESIAN_POINT('Origin',(-34.749999493184,32.4999963374279,0.));
#4005=CARTESIAN_POINT('Origin',(-34.749999493184,32.4999963374279,3.2));
#4006=CARTESIAN_POINT('Origin',(46.2500005068161,-24.5000036625721,0.));
#4007=CARTESIAN_POINT('',(42.650000506816,-24.5000036625721,3.2));
#4008=CARTESIAN_POINT('Origin',(46.2500005068161,-24.5000036625721,3.2));
#4009=CARTESIAN_POINT('',(42.650000506816,-24.5000036625721,0.));
#4010=CARTESIAN_POINT('',(42.650000506816,-24.5000036625721,0.));
#4011=CARTESIAN_POINT('Origin',(46.2500005068161,-24.5000036625721,0.));
#4012=CARTESIAN_POINT('Origin',(46.2500005068161,-24.5000036625721,3.2));
#4013=CARTESIAN_POINT('Origin',(-25.749999493184,-35.5000036625722,0.));
#4014=CARTESIAN_POINT('',(-29.349999493184,-35.5000036625722,3.2));
#4015=CARTESIAN_POINT('Origin',(-25.749999493184,-35.5000036625722,3.2));
#4016=CARTESIAN_POINT('',(-29.349999493184,-35.5000036625722,0.));
#4017=CARTESIAN_POINT('',(-29.349999493184,-35.5000036625722,0.));
#4018=CARTESIAN_POINT('Origin',(-25.749999493184,-35.5000036625722,0.));
#4019=CARTESIAN_POINT('Origin',(-25.749999493184,-35.5000036625722,3.2));
#4020=CARTESIAN_POINT('Origin',(4.33144039006373,-36.4000036625837,0.));
#4021=CARTESIAN_POINT('Origin',(-6.17077783537923E-6,-1.09373057277651E-5,
0.));
#4022=UNCERTAINTY_MEASURE_WITH_UNIT(LENGTH_MEASURE(0.01),#4026,
'DISTANCE_ACCURACY_VALUE',
'Maximum model space distance between geometric entities at asserted c
onnectivities');
#4023=UNCERTAINTY_MEASURE_WITH_UNIT(LENGTH_MEASURE(0.01),#4026,
'DISTANCE_ACCURACY_VALUE',
'Maximum model space distance between geometric entities at asserted c
onnectivities');
#4024=(
GEOMETRIC_REPRESENTATION_CONTEXT(3)
GLOBAL_UNCERTAINTY_ASSIGNED_CONTEXT((#4022))
GLOBAL_UNIT_ASSIGNED_CONTEXT((#4026,#4028,#4029))
REPRESENTATION_CONTEXT('','3D')
);
#4025=(
GEOMETRIC_REPRESENTATION_CONTEXT(3)
GLOBAL_UNCERTAINTY_ASSIGNED_CONTEXT((#4023))
GLOBAL_UNIT_ASSIGNED_CONTEXT((#4026,#4028,#4029))
REPRESENTATION_CONTEXT('','3D')
);
#4026=(
LENGTH_UNIT()
NAMED_UNIT(*)
SI_UNIT(.MILLI.,.METRE.)
);
#4027=(
LENGTH_UNIT()
NAMED_UNIT(*)
SI_UNIT($,.METRE.)
);
#4028=(
NAMED_UNIT(*)
PLANE_ANGLE_UNIT()
SI_UNIT($,.RADIAN.)
);
#4029=(
NAMED_UNIT(*)
SI_UNIT($,.STERADIAN.)
SOLID_ANGLE_UNIT()
);
#4030=SHAPE_DEFINITION_REPRESENTATION(#4031,#4032);
#4031=PRODUCT_DEFINITION_SHAPE('',$,#4034);
#4032=SHAPE_REPRESENTATION('',(#2334),#4024);
#4033=PRODUCT_DEFINITION_CONTEXT('part definition',#4038,'design');
#4034=PRODUCT_DEFINITION('2026-08-17-15-47-16-837','Left Half Case',#4035,
#4033);
#4035=PRODUCT_DEFINITION_FORMATION('',$,#4040);
#4036=PRODUCT_RELATED_PRODUCT_CATEGORY('Left Half Case',
'Left Half Case',(#4040));
#4037=APPLICATION_PROTOCOL_DEFINITION('international standard',
'automotive_design',2009,#4038);
#4038=APPLICATION_CONTEXT(
'Core Data for Automotive Mechanical Design Process');
#4039=PRODUCT_CONTEXT('part definition',#4038,'mechanical');
#4040=PRODUCT('2026-08-17-15-47-16-837','Left Half Case',$,(#4039));
#4041=PRESENTATION_STYLE_ASSIGNMENT((#4044));
#4042=PRESENTATION_STYLE_ASSIGNMENT((#4045));
#4043=PRESENTATION_STYLE_ASSIGNMENT((#4046));
#4044=SURFACE_STYLE_USAGE(.BOTH.,#4047);
#4045=SURFACE_STYLE_USAGE(.BOTH.,#4048);
#4046=SURFACE_STYLE_USAGE(.BOTH.,#4049);
#4047=SURFACE_SIDE_STYLE('',(#4050));
#4048=SURFACE_SIDE_STYLE('',(#4051));
#4049=SURFACE_SIDE_STYLE('',(#4052));
#4050=SURFACE_STYLE_FILL_AREA(#4053);
#4051=SURFACE_STYLE_FILL_AREA(#4054);
#4052=SURFACE_STYLE_FILL_AREA(#4055);
#4053=FILL_AREA_STYLE('Steel - Satin',(#4056));
#4054=FILL_AREA_STYLE('Opaque(37,36,36)',(#4057));
#4055=FILL_AREA_STYLE('Plastic - Matte (White)',(#4058));
#4056=FILL_AREA_STYLE_COLOUR('Steel - Satin',#4059);
#4057=FILL_AREA_STYLE_COLOUR('Opaque(37,36,36)',#4060);
#4058=FILL_AREA_STYLE_COLOUR('Plastic - Matte (White)',#4061);
#4059=COLOUR_RGB('Steel - Satin',0.627450980392157,0.627450980392157,0.627450980392157);
#4060=COLOUR_RGB('Opaque(37,36,36)',0.145098039215686,0.141176470588235,
0.141176470588235);
#4061=COLOUR_RGB('Plastic - Matte (White)',0.964705882352941,0.964705882352941,
0.952941176470588);
ENDSEC;
END-ISO-10303-21;
